username;date;retweets;favorites;text;geo;mentions;hashtags;id;permalink
;2013/02/26;78;66;"On Jimmy Fallon tonight.";;;;"306545042162601984";https://twitter.com/realDonaldTrump/status/306545042162601984
;2013/02/26;151;71;"Dopey @billmaher still owes me $5M for charity. I hope he pays up before @hbo fires him--which will happen!";;@billmaher @hbo;;"306521805215109122";https://twitter.com/realDonaldTrump/status/306521805215109122
;2013/02/26;3;1;"@preewbrfu1 Wind turbines are a disaster!";;@preewbrfu1;;"306521703624880128";https://twitter.com/realDonaldTrump/status/306521703624880128
;2013/02/26;0;1;"@BryanTash Thanks Bryan.";;@BryanTash;;"306521474116755457";https://twitter.com/realDonaldTrump/status/306521474116755457
;2013/02/26;0;0;"@LefteyDowns @austinroneil Great!";;@LefteyDowns @austinroneil;;"306521134059380738";https://twitter.com/realDonaldTrump/status/306521134059380738
;2013/02/26;18;12;"Looking forward to the @CadillacChamp at Trump Doral next week, 3.6.-3.10. Can’t wait to meet the attendees. #WGCDoral";;@CadillacChamp;#WGCDoral;"306519096479068160";https://twitter.com/realDonaldTrump/status/306519096479068160
;2013/02/26;173;93;". @tedcruz must be doing something right if @cher, sadly rated “the 4th ugliest celebrity” according to @listverse, is attacking him.";;@tedcruz @cher @listverse;;"306518097534267392";https://twitter.com/realDonaldTrump/status/306518097534267392
;2013/02/26;85;38;"You have to feel bad for the Democrat Senators. They don’t want Hagel either. Just following Obama’s orders.";;;;"306513607817039872";https://twitter.com/realDonaldTrump/status/306513607817039872
;2013/02/26;76;29;"The ruling @GOP consultant class of losers like @KarlRove have no respect for the Tea Party. They do this at their own peril!";;@GOP @KarlRove;;"306512043475873794";https://twitter.com/realDonaldTrump/status/306512043475873794
;2013/02/26;149;52;""But why shouldn't I speak out? Don't you speak out in this country?" - George Steinbrenner";;;;"306502941060259840";https://twitter.com/realDonaldTrump/status/306502941060259840
;2013/02/26;31;14;"There is no comparison between @ApprenticeNBC and Shark Tank in the ratings. The Apprentice beats Shark Tank hands... http://fb.me/umS2mEjh ";;@ApprenticeNBC;;"306499827112480770";https://twitter.com/realDonaldTrump/status/306499827112480770
;2013/02/26;41;23;"Just a few more days until the 13th season of All-Star @CelebApprentice premieres. Be sure to tune in this Sunday at 9PM on @nbc. Big!";;@CelebApprentice @nbc;;"306494355571613696";https://twitter.com/realDonaldTrump/status/306494355571613696
;2013/02/26;44;20;""Donald Trump Reviews Oscars: Django 'Racist,' Ceremony 'Boring,' Set 'Tacky'..." http://eonli.ne/YVhXMk  via @eonline";;@eonline;;"306491035519963136";https://twitter.com/realDonaldTrump/status/306491035519963136
;2013/02/26;4;9;"@GjelajG Be passionate about your work, focus, and never give up.";;@GjelajG;;"306484333257056256";https://twitter.com/realDonaldTrump/status/306484333257056256
;2013/02/26;26;33;"Country music star @TraceAdkins returns to All-Star @CelebApprentice. Competing for @RedCross, Trace is great!";;@TraceAdkins @CelebApprentice @RedCross;;"306483145916706817";https://twitter.com/realDonaldTrump/status/306483145916706817
;2013/02/26;69;59;"I will be on @LateNightJimmy tonight. Always have a good time with @jimmyfallon. Now we know he will get high ratings tonight.";;@LateNightJimmy @jimmyfallon;;"306474113973776384";https://twitter.com/realDonaldTrump/status/306474113973776384
;2013/02/26;74;33;"One of the reasons, I assume, I was inducted into the @WWE Hall of Fame is that Vince McMahon and I have the all time highest ratings...";;@WWE;;"306473146037452800";https://twitter.com/realDonaldTrump/status/306473146037452800
;2013/02/26;27;15;"... and pay per view records with “Battle of the Billionaires” in Detroit. It was a wild day!";;;;"306473131718107137";https://twitter.com/realDonaldTrump/status/306473131718107137
;2013/02/26;93;57;"It is a great honor for me to be inducted into the @WWE Hall of Fame. This will take place on April 6...";;@WWE;;"306472637872345088";https://twitter.com/realDonaldTrump/status/306472637872345088
;2013/02/26;29;17;"... at Madison Square Garden followed by a ceremony with 80,000 people at MetLife Stadium, Wrestlemania.";;;;"306472623716564992";https://twitter.com/realDonaldTrump/status/306472623716564992
;2013/02/26;21;20;"Thanks Go Angelo, people are now really aware of my ties, shirts, and cuff links at Macy's-";;;;"306465930483998720";https://twitter.com/realDonaldTrump/status/306465930483998720
;2013/02/26;43;18;".....you keep forgetting to mention the fragrance, "Success"!";;;;"306465882220146688";https://twitter.com/realDonaldTrump/status/306465882220146688
;2013/02/26;13;11;"A certain whack job, Go Angelo, who doesn't have a life- spends his time hopelessly attacking me re: Macy's....";;;;"306465676128821248";https://twitter.com/realDonaldTrump/status/306465676128821248
;2013/02/26;9;21;"..... I wonder if Angelo has a job or is on assistance. In any event, I'm sure he is a nice guy!";;;;"306465638518489089";https://twitter.com/realDonaldTrump/status/306465638518489089
;2013/02/26;106;59;"When employees are working at home they can never have the same cohesivness as working together as a group...";;;;"306464692266749952";https://twitter.com/realDonaldTrump/status/306464692266749952
;2013/02/26;37;31;"... Also, if they’re at home who the hell knows what they’re doing (a second job maybe).";;;;"306464677410516992";https://twitter.com/realDonaldTrump/status/306464677410516992
;2013/02/26;58;37;"Now I know that Yahoo is in good hands. It took great courage for @marissamayer to take away the right of employees to work at home.";;@marissamayer;;"306464425538379777";https://twitter.com/realDonaldTrump/status/306464425538379777
;2013/02/26;33;14;""Donald Trump: Yahoo, Marissa Mayer Are Right; Employees Should Not Work From Home" http://huff.to/YVhmKC  via @HuffPostSmBiz";;@HuffPostSmBiz;;"306464277005479937";https://twitter.com/realDonaldTrump/status/306464277005479937
;2013/02/26;28;7;"Via @BleacherReport: “Donald Trump to Be Inducted into WWE Hall of Fame”http://bit.ly/YVi1vA ";;@BleacherReport;;"306459635232149505";https://twitter.com/realDonaldTrump/status/306459635232149505
;2013/02/26;19;7;"Via @MiamiHerald:"Donald Trump to be inducted into WWE Hall of Fame" http://hrld.us/YVgVA2 ";;@MiamiHerald;;"306459456064065537";https://twitter.com/realDonaldTrump/status/306459456064065537
;2013/02/26;564;250;""Lord, grant that I may always desire more than I can accomplish." - Michelangelo";;;;"306423822477819905";https://twitter.com/realDonaldTrump/status/306423822477819905
;2013/02/26;18;24;"RT @austinroneil: @realDonaldTrump Thanks for all the inspirational quotes. Helping encourage this young entrepreneur. :)";;@austinroneil @realDonaldTrump;;"306422976314740736";https://twitter.com/realDonaldTrump/status/306422976314740736
;2013/02/26;584;200;""Set your sights and aim high. You never know what you can achieve until you focus on achieving it." - Midas Touch";;;;"306422473660985344";https://twitter.com/realDonaldTrump/status/306422473660985344
;2013/02/26;8;1;"@NewYorkATM. Thanks.";;@NewYorkATM;;"306350612264656896";https://twitter.com/realDonaldTrump/status/306350612264656896
;2013/02/26;4;1;"@Keval_Camden. Thanks.";;@Keval_Camden;;"306350189210382336";https://twitter.com/realDonaldTrump/status/306350189210382336
;2013/02/26;3;1;"@DeasWorld. Thanks.";;@DeasWorld;;"306350045266075648";https://twitter.com/realDonaldTrump/status/306350045266075648
;2013/02/26;3;0;"@RockShannon108. Thanks.";;@RockShannon108;;"306349272796889088";https://twitter.com/realDonaldTrump/status/306349272796889088
;2013/02/25;5;9;"@reidtruuu. Great!";;@reidtruuu;;"306239246874865664";https://twitter.com/realDonaldTrump/status/306239246874865664
;2013/02/25;1;0;"@teaparty321. My honor!";;@teaparty321;;"306236859766423552";https://twitter.com/realDonaldTrump/status/306236859766423552
;2013/02/25;1;0;"@mike121z. No!";;@mike121z;;"306236203118772224";https://twitter.com/realDonaldTrump/status/306236203118772224
;2013/02/25;552;302;"The United States better address China's exchange rate before they steal our country and it is too late! China is laughing at us.";;;;"306235882585870336";https://twitter.com/realDonaldTrump/status/306235882585870336
;2013/02/25;3;0;"@RamiroDamil. Thanks.";;@RamiroDamil;;"306213151047827456";https://twitter.com/realDonaldTrump/status/306213151047827456
;2013/02/25;1;0;"@whalinn5. No but thanks.";;@whalinn5;;"306212921690714114";https://twitter.com/realDonaldTrump/status/306212921690714114
;2013/02/25;0;0;"@Jorkellett. Interesting and thanks.";;@Jorkellett;;"306211677236502530";https://twitter.com/realDonaldTrump/status/306211677236502530
;2013/02/25;3;2;"@MJGrilliot. Thanks.";;@MJGrilliot;;"306210800102699008";https://twitter.com/realDonaldTrump/status/306210800102699008
;2013/02/25;2;2;"@turrizal. Thanks.";;@turrizal;;"306208918579851266";https://twitter.com/realDonaldTrump/status/306208918579851266
;2013/02/25;3;5;"@TheOnlyCdorsey. Thanks.";;@TheOnlyCdorsey;;"306208019740495872";https://twitter.com/realDonaldTrump/status/306208019740495872
;2013/02/25;109;132;"Shark Tank is a dead Friday night filler compared to the Apprentice which has been number one show for week in the T. V. ratings!";;;;"306207483238703106";https://twitter.com/realDonaldTrump/status/306207483238703106
;2013/02/25;2;1;"@paul1994loan. Thanks.";;@paul1994loan;;"306204028323389440";https://twitter.com/realDonaldTrump/status/306204028323389440
;2013/02/25;1;0;"@David18Graham. Thanks David.";;@David18Graham;;"306203370232885249";https://twitter.com/realDonaldTrump/status/306203370232885249
;2013/02/25;438;151;"Wow, I was just informed that I'm being inducted into the @WWE Hall of Fame-- a great honor -- 4/6/13 at @MSGnyc- http://fb.me/J3AqjAcB ";;@WWE @MSGnyc;;"306177767014285314";https://twitter.com/realDonaldTrump/status/306177767014285314
;2013/02/25;33;10;"RT @NRCC: Good to hear @realDonaldTrump is on board.GOP is the party of free enterprise.Join us as we innovate:http://www.nrcc.org ";;@NRCC @realDonaldTrump;;"306153290083729409";https://twitter.com/realDonaldTrump/status/306153290083729409
;2013/02/25;210;37;"China is buying gas fields in Texas http://bit.ly/lW3bmb  & stealing our corporate secrets...";;;;"306150062474539008";https://twitter.com/realDonaldTrump/status/306150062474539008
;2013/02/25;63;16;"... & all Obama is concerned about stopping them doing is buying wind farms http://apne.ws/13J0GsB ";;;;"306150048994045952";https://twitter.com/realDonaldTrump/status/306150048994045952
;2013/02/25;98;40;"Obama is finally stopping the Chinese from buying something in America – windfarms http://apne.ws/13J0GsB  What a joke!";;;;"306149619031764993";https://twitter.com/realDonaldTrump/status/306149619031764993
;2013/02/25;447;142;"Our leaders are terrible. The government spends over $50B a day. It can’t find cuts for less than 2 days of spending?! Sad!";;;;"306146073481707520";https://twitter.com/realDonaldTrump/status/306146073481707520
;2013/02/25;57;41;"The countdown is on. The 13th season of All-Star @ApprenticeNBC premieres this Sunday March 3rd at 9PM EST on @nbc. Big!";;@ApprenticeNBC @nbc;;"306142555597324288";https://twitter.com/realDonaldTrump/status/306142555597324288
;2013/02/25;16;15;"All-Star @ApprenticeNBC features the return of @latoyajackson. La Toya is tough, smart and a super competitor. Watch out!";;@ApprenticeNBC @latoyajackson;;"306142034656378883";https://twitter.com/realDonaldTrump/status/306142034656378883
;2013/02/25;399;123;"The $85B sequester is just 2% of Obama's $3.5T record deficit spending budget. Our leaders are ruining our children's future.";;;;"306138950349758464";https://twitter.com/realDonaldTrump/status/306138950349758464
;2013/02/25;158;37;"Must read column by Bob Woodward explaining how Obama pushed for sequestration & promised no tax increase http://wapo.st/X0MlqB ";;;;"306138591157948416";https://twitter.com/realDonaldTrump/status/306138591157948416
;2013/02/25;98;47;"Obama is making speeches excoriating the Republicans, and they never answer back. Why aren’t they fighting?";;;;"306138186151772160";https://twitter.com/realDonaldTrump/status/306138186151772160
;2013/02/25;27;9;"Via @Mediaite: "Donald Trump Trashes 'Tacky,' 'Boring' Oscars, Blasts 'Racist' Django Unchained"http://bit.ly/XAN002 ";;@Mediaite;;"306131626662957058";https://twitter.com/realDonaldTrump/status/306131626662957058
;2013/02/25;30;12;""DONALD TRUMP BLASTS THE OSCARS" http://bit.ly/13IQKiW  via @theblaze";;@theblaze;;"306131480298520576";https://twitter.com/realDonaldTrump/status/306131480298520576
;2013/02/25;42;13;"My @foxandfriends re: the sequestration, failure of leadership in DC, China playing us & taking over in 2016http://bit.ly/13INJPo ";;@foxandfriends;;"306123310926815232";https://twitter.com/realDonaldTrump/status/306123310926815232
;2013/02/25;29;13;"My @gretawire interview discussing why the sequestration cuts are necessary, our $17T national debt & 2016 electionhttp://bit.ly/13IPbBw ";;@gretawire;;"306121899178598400";https://twitter.com/realDonaldTrump/status/306121899178598400
;2013/02/25;13;6;"Via @Mediaite: "Trump to @gretawire: Sequester Cuts Don’t Go Far Enough’"http://bit.ly/XIHdr9 ";;@Mediaite @gretawire;;"306121084640571392";https://twitter.com/realDonaldTrump/status/306121084640571392
;2013/02/25;3;2;"@JMarkTiller Thanks.";;@JMarkTiller;;"306116048573329408";https://twitter.com/realDonaldTrump/status/306116048573329408
;2013/02/25;1;0;"@RPMNANA Thanks, good question/good point.";;@RPMNANA;;"306115693370306561";https://twitter.com/realDonaldTrump/status/306115693370306561
;2013/02/25;3;1;"@bethosborne14 Thanks.";;@bethosborne14;;"306115403036389378";https://twitter.com/realDonaldTrump/status/306115403036389378
;2013/02/25;1;1;"@JUrciuoli19 I will.";;@JUrciuoli19;;"306115216029126657";https://twitter.com/realDonaldTrump/status/306115216029126657
;2013/02/25;0;2;"@anchantra Thanks--the big question is why!";;@anchantra;;"306114985921241088";https://twitter.com/realDonaldTrump/status/306114985921241088
;2013/02/25;38;26;". @MarissaMayer is right to expect Yahoo employees to come to the workplace vs. working at home. She is doing a great job!";;@MarissaMayer;;"306114533389369346";https://twitter.com/realDonaldTrump/status/306114533389369346
;2013/02/25;37;21;"An individual, whose whole career is trying to take down successful celebrities with nonsense campaigns, has turned his attention to me.....";;;;"306108324292726784";https://twitter.com/realDonaldTrump/status/306108324292726784
;2013/02/25;32;33;"...So far, he has been a complete failure at doing so. He should read The Art of the Deal and use his energy to focus on a new career.";;;;"306108211151372288";https://twitter.com/realDonaldTrump/status/306108211151372288
;2013/02/25;129;60;"The media is so in the tank for Obama that it is amazing—the funny thing is, he can’t stand them!";;;;"306091700437282816";https://twitter.com/realDonaldTrump/status/306091700437282816
;2013/02/25;62;27;"Speaker John Boehner, who I like, should never have agreed to raise taxes because the Republicans got absolutely nothing for it!";;;;"306091373470289920";https://twitter.com/realDonaldTrump/status/306091373470289920
;2013/02/25;112;71;"Almost every major dealmaker has used the bankruptcy laws as a business tool...";;;;"306083895496044544";https://twitter.com/realDonaldTrump/status/306083895496044544
;2013/02/25;13;9;"... Icahn, Kravis, Apollo & most others—but nobody says they went bankrupt!";;;;"306083881524805632";https://twitter.com/realDonaldTrump/status/306083881524805632
;2013/02/25;67;33;"People buy deals & immediately put them into bankruptcy in order to make better deals..";;;;"306083600296730624";https://twitter.com/realDonaldTrump/status/306083600296730624
;2013/02/25;23;20;".... It is a very effective & commonly used business tool.";;;;"306083586640076800";https://twitter.com/realDonaldTrump/status/306083586640076800
;2013/02/25;1;0;"@RoxanneQuintana Thanks Roxanne.";;@RoxanneQuintana;;"306080718591754240";https://twitter.com/realDonaldTrump/status/306080718591754240
;2013/02/25;6;12;"@dynomike3 Hi Mikey--work hard and good luck.";;@dynomike3;;"306080558373535746";https://twitter.com/realDonaldTrump/status/306080558373535746
;2013/02/25;1;1;"@jaderomaine Thanks and good luck!";;@jaderomaine;;"306080312998367232";https://twitter.com/realDonaldTrump/status/306080312998367232
;2013/02/25;0;0;"@agrclemsonfarmn Thanks Al.";;@agrclemsonfarmn;;"306080160392818689";https://twitter.com/realDonaldTrump/status/306080160392818689
;2013/02/25;2;1;"@JUrciuoli19 Very good!";;@JUrciuoli19;;"306079927931895808";https://twitter.com/realDonaldTrump/status/306079927931895808
;2013/02/25;566;335;"Whenever one of the morons say I wear a wig, stop reading because they have no credibility & just hate.";;;;"306077013591076864";https://twitter.com/realDonaldTrump/status/306077013591076864
;2013/02/25;1263;893;"Why do losers & haters always say I wear a “wig” when they know I don’t. Like it or not, it’s all mine—just ask Barbara Walters.";;;;"306075861763887104";https://twitter.com/realDonaldTrump/status/306075861763887104
;2013/02/25;906;637;"How did you like Michelle Obama’s bangs last night?";;;;"306043741825798144";https://twitter.com/realDonaldTrump/status/306043741825798144
;2013/02/25;57;45;"Last night William Shatner had more airtime than any winner. It should have been called the William Shatner show...";;;;"306043623869403138";https://twitter.com/realDonaldTrump/status/306043623869403138
;2013/02/25;117;99;"...Overall, the Academy Awards were very average at best.";;;;"306043607427731456";https://twitter.com/realDonaldTrump/status/306043607427731456
;2013/02/25;0;1;"@FL_RichieRich. Great.";;@FL_RichieRich;;"306000280410005505";https://twitter.com/realDonaldTrump/status/306000280410005505
;2013/02/25;1;0;"@Arjuwan. Great and thanks.";;@Arjuwan;;"305999853090119680";https://twitter.com/realDonaldTrump/status/305999853090119680
;2013/02/25;0;0;"@2Cute2Care_ You'll be watching!";;@2Cute2Care_;;"305999312318513156";https://twitter.com/realDonaldTrump/status/305999312318513156
;2013/02/25;1;1;"@5thmcfly. In April - thanks.";;@5thmcfly;;"305998507662254080";https://twitter.com/realDonaldTrump/status/305998507662254080
;2013/02/25;42;41;"I'll be doing Fox and Friends this morning at seven.";;;;"305996678102667265";https://twitter.com/realDonaldTrump/status/305996678102667265
;2013/02/24;334;198;"I've had enough of this - good night!";;;;"305906786408480770";https://twitter.com/realDonaldTrump/status/305906786408480770
;2013/02/24;107;72;"Jane Fonda and Michael Douglas look great!";;;;"305899914309795841";https://twitter.com/realDonaldTrump/status/305899914309795841
;2013/02/24;355;174;"The Oscar broadcast is really boring - where is the glamour and beauty?";;;;"305897597267230720";https://twitter.com/realDonaldTrump/status/305897597267230720
;2013/02/24;702;460;"Sorry, I never went bankrupt and don't wear a wig (it's all mine)!";;;;"305885471077179392";https://twitter.com/realDonaldTrump/status/305885471077179392
;2013/02/24;375;210;"Anne Hathaway is a good winner!";;;;"305883648568209409";https://twitter.com/realDonaldTrump/status/305883648568209409
;2013/02/24;3;18;"@ScottFlakne. Thanks Scott.";;@ScottFlakne;;"305870201231130624";https://twitter.com/realDonaldTrump/status/305870201231130624
;2013/02/24;538;287;"Lincoln never sounded like that!";;;;"305869921177464834";https://twitter.com/realDonaldTrump/status/305869921177464834
;2013/02/24;137;82;"Shirley B did a very good job singing Goldfinger! Not easy.";;;;"305868164808470529";https://twitter.com/realDonaldTrump/status/305868164808470529
;2013/02/24;170;100;"Very tacky set!";;;;"305859638857977857";https://twitter.com/realDonaldTrump/status/305859638857977857
;2013/02/24;13367;10783;"Django Unchained is the most racist movie I have ever seen, it sucked!";;;;"305859333231616001";https://twitter.com/realDonaldTrump/status/305859333231616001
;2013/02/24;39;15;"You are right-more like the opening of the Tonys.";;;;"305858223930478593";https://twitter.com/realDonaldTrump/status/305858223930478593
;2013/02/24;248;130;"I don't like the opening even a little bit!";;;;"305857365868154883";https://twitter.com/realDonaldTrump/status/305857365868154883
;2013/02/24;48;50;"How do you like Seth and Oscars so far?";;;;"305856164372049920";https://twitter.com/realDonaldTrump/status/305856164372049920
;2013/02/24;137;66;"Here we go with the Oscars!";;;;"305853036989906946";https://twitter.com/realDonaldTrump/status/305853036989906946
;2013/02/24;11;44;"@alexleiser33. Thanks Alex.";;@alexleiser33;;"305832673694343170";https://twitter.com/realDonaldTrump/status/305832673694343170
;2013/02/24;1;8;"@MKasun. Thanks.";;@MKasun;;"305831858149654528";https://twitter.com/realDonaldTrump/status/305831858149654528
;2013/02/24;137;53;"Congrats to @JimmieJohnson, a great guy, on winning Daytona!";;@JimmieJohnson;;"305828595719364609";https://twitter.com/realDonaldTrump/status/305828595719364609
;2013/02/24;17;31;"@wobby_sobby wow Timmy;thanks..";;@wobby_sobby;;"305828251455070208";https://twitter.com/realDonaldTrump/status/305828251455070208
;2013/02/24;31;23;"Dummy goAngelo, keep letting people know how great my shirts, ties and cufflinks (also Success) are at Macy's.The BEST-now everyone's aware!";;;;"305782184780918785";https://twitter.com/realDonaldTrump/status/305782184780918785
;2013/02/24;25;19;"Come on goAngelo, don't give up now just because your "rally" at Macy's drew only eleven people for twenty minutes! I love@ Macy's.";;@;;"305778263165378560";https://twitter.com/realDonaldTrump/status/305778263165378560
;2013/02/24;306;180;"By popular demand, I will be tweeting on the very tainted Academy Awards tonight!";;;;"305748169638178816";https://twitter.com/realDonaldTrump/status/305748169638178816
;2013/02/24;163;86;"I'm saying that the Tea Party, perhaps by another name, will soon have another big moment- and will be a major factor in victory!";;;;"305671710382899200";https://twitter.com/realDonaldTrump/status/305671710382899200
;2013/02/24;161;120;"Why didn't movie Lincoln use Ford's Theater for big scene instead of the stage of an unrelated theater?";;;;"305666404114382848";https://twitter.com/realDonaldTrump/status/305666404114382848
;2013/02/24;73;43;"Big response to my Tea Party statement-remember they were never fully energized by Romney campaign and will have far more power with time.";;;;"305660882136997888";https://twitter.com/realDonaldTrump/status/305660882136997888
;2013/02/23;546;247;"Republicans better start listening to and respecting the Tea Party!";;;;"305461021387132929";https://twitter.com/realDonaldTrump/status/305461021387132929
;2013/02/23;1;1;"@BeaumontAnthony. Next Sunday!";;@BeaumontAnthony;;"305458482503639040";https://twitter.com/realDonaldTrump/status/305458482503639040
;2013/02/23;5;4;"@farm_mom. True.";;@farm_mom;;"305457930516439040";https://twitter.com/realDonaldTrump/status/305457930516439040
;2013/02/22;467;177;"I hope Oprah gives Lance Armstrong 100 million dollars because that's what that ridiculous interview will cost him!";;;;"305162369435328512";https://twitter.com/realDonaldTrump/status/305162369435328512
;2013/02/22;6;2;"@japotter81. It will be great.";;@japotter81;;"305119470857355264";https://twitter.com/realDonaldTrump/status/305119470857355264
;2013/02/22;1;1;"@ringalenegotti. Thanks.";;@ringalenegotti;;"305114046233968642";https://twitter.com/realDonaldTrump/status/305114046233968642
;2013/02/22;3;0;"@BillWhiteNY. Thanks Bill!";;@BillWhiteNY;;"305113282417680384";https://twitter.com/realDonaldTrump/status/305113282417680384
;2013/02/22;0;0;"@RifenburgTweets. Thanks.";;@RifenburgTweets;;"305111883155906560";https://twitter.com/realDonaldTrump/status/305111883155906560
;2013/02/22;1;0;"@TheCrystaShow. Thanks Crysta!";;@TheCrystaShow;;"305111252097724417";https://twitter.com/realDonaldTrump/status/305111252097724417
;2013/02/22;0;0;"@robertgwinjr. I hope so!";;@robertgwinjr;;"305110226288377856";https://twitter.com/realDonaldTrump/status/305110226288377856
;2013/02/22;52;34;"I will be on@gretawire tonight at 10 P.M. Now I know she will get great ratings!";;@gretawire;;"305109019746504704";https://twitter.com/realDonaldTrump/status/305109019746504704
;2013/02/22;104;41;"Lance Armstrong is now being sued by Fed Govt-what was he thinkking?";;;;"305097412563845120";https://twitter.com/realDonaldTrump/status/305097412563845120
;2013/02/22;0;0;"@JoeQuinn6. Thanks Joe.";;@JoeQuinn6;;"305089459718873088";https://twitter.com/realDonaldTrump/status/305089459718873088
;2013/02/22;0;1;"@Shopgirlusa. Good idea.";;@Shopgirlusa;;"305080479038726144";https://twitter.com/realDonaldTrump/status/305080479038726144
;2013/02/22;1;0;"@piano807 Thanks!";;@piano807;;"305068588799229952";https://twitter.com/realDonaldTrump/status/305068588799229952
;2013/02/22;2;2;"@ErolYalim Yes, she is very tall--5'10"";;@ErolYalim;;"305068154214809600";https://twitter.com/realDonaldTrump/status/305068154214809600
;2013/02/22;1;0;"@Legit73791728 Thank you.";;@Legit73791728;;"305067963080384513";https://twitter.com/realDonaldTrump/status/305067963080384513
;2013/02/22;1;1;"@Ukfan71 Thanks.";;@Ukfan71;;"305067765318955010";https://twitter.com/realDonaldTrump/status/305067765318955010
;2013/02/22;0;0;"@Kennyshosho Thanks!";;@Kennyshosho;;"305067570086694912";https://twitter.com/realDonaldTrump/status/305067570086694912
;2013/02/22;267;121;"“In every battle there comes a time when both sides consider themselves beaten...";;;;"305056799688622080";https://twitter.com/realDonaldTrump/status/305056799688622080
;2013/02/22;192;128;"...then he who continues the attack wins.” - Ulysses S. Grant";;;;"305056783335030784";https://twitter.com/realDonaldTrump/status/305056783335030784
;2013/02/22;60;28;"For the Republicans to have any success these next two years, they must have a long game plan...";;;;"305044978827149312";https://twitter.com/realDonaldTrump/status/305044978827149312
;2013/02/22;22;14;"... Doesn’t seem like they have a coherent strategy right now.";;;;"305044963182383104";https://twitter.com/realDonaldTrump/status/305044963182383104
;2013/02/22;154;64;"Vince McMahon @WWE and I hold the all-time ratings & pay-per-view record in the history of wrestling.";;@WWE;;"305036057794203648";https://twitter.com/realDonaldTrump/status/305036057794203648
;2013/02/22;40;43;"The PGA tour just extended my Trump Doral contract for WGC for ten years.";;;;"305029833270894592";https://twitter.com/realDonaldTrump/status/305029833270894592
;2013/02/22;13;5;"Enjoyed my visit to Trump Doral in Miami yesterday. Looking forward to returning for the WGC- @Cadillac Championship on March 6th-10th...";;@Cadillac;;"305029100999938048";https://twitter.com/realDonaldTrump/status/305029100999938048
;2013/02/22;9;6;"... Will be there front & center along with the 70 greatest players in the world. WGC- @Cadillac Championship";;@Cadillac;;"305029068993200128";https://twitter.com/realDonaldTrump/status/305029068993200128
;2013/02/22;985;466;""Fear defeats more people than any other one thing in the world." -- Ralph Waldo Emerson";;;;"305022237713522688";https://twitter.com/realDonaldTrump/status/305022237713522688
;2013/02/22;14;12;""Donald Trump visits Doral resort, says he’s allaying neighbors’ concerns" http://hrld.us/XuaxzP  via @MiamiHerald";;@MiamiHerald;;"305010036055359489";https://twitter.com/realDonaldTrump/status/305010036055359489
;2013/02/22;33;17;"What would All-Star @ApprenticeNBC be w/out a Baldwin? @StephenBaldwin7 is at the top of his game this season. Our fans will be happy.";;@ApprenticeNBC @StephenBaldwin7;;"304998771920609282";https://twitter.com/realDonaldTrump/status/304998771920609282
;2013/02/22;24;26;"I've just done a major Dateline for NBC - March 3rd just ahead of Apprentice.";;;;"304951918634082304";https://twitter.com/realDonaldTrump/status/304951918634082304
;2013/02/22;4;0;"@MandasueHeller. A Hall.";;@MandasueHeller;;"304939807258324992";https://twitter.com/realDonaldTrump/status/304939807258324992
;2013/02/22;540;227;"Drew Peterson just got 36 years for killing his wife - bring back the death penalty!";;;;"304939337588568064";https://twitter.com/realDonaldTrump/status/304939337588568064
;2013/02/21;396;163;"“Positive thinking is not merely wishful thinking...";;;;"304697838808489984";https://twitter.com/realDonaldTrump/status/304697838808489984
;2013/02/21;388;189;"... It is all about incorporating a sense of optimism into everything you do while also acknowledging the negative.” – Think Big";;;;"304697825395089408";https://twitter.com/realDonaldTrump/status/304697825395089408
;2013/02/21;1905;796;"China is not our friend. They are not our ally. They want to overtake us, and if we don’t get smart and tough soon, they will.";;;;"304690887248707584";https://twitter.com/realDonaldTrump/status/304690887248707584
;2013/02/21;49;13;"Congrats to Miss Universe 2011 @RealLeilaLopes & @Giant great @OsiUmenyiora on their engagement! I am very happy for you both.";;@RealLeilaLopes @Giant @OsiUmenyiora;;"304677321976209408";https://twitter.com/realDonaldTrump/status/304677321976209408
;2013/02/21;26;8;"Interesting article by @newtgingrich @HumanEvents: “WHY ROVE AND STEVENS ARE PLAIN WRONG”http://tinyurl.com/b6fbdob ";;@newtgingrich @HumanEvents;;"304670934634217472";https://twitter.com/realDonaldTrump/status/304670934634217472
;2013/02/21;754;485;"Twitter will soon be irrelevant if lowlifes are so easily able to hack into accounts.";;;;"304666084529803264";https://twitter.com/realDonaldTrump/status/304666084529803264
;2013/02/21;60;26;"Only 10 more days until the premiere of All-Star @ApprenticeNBC. On March 3rd at 9PM EST @NBC the fireworks return to the Board Room!";;@ApprenticeNBC @NBC;;"304665321166471168";https://twitter.com/realDonaldTrump/status/304665321166471168
;2013/02/21;3013;2458;"My Twitter has been seriously hacked--- and we are looking for the perpetrators.";;;;"304636780903288834";https://twitter.com/realDonaldTrump/status/304636780903288834
;2013/02/21;3;3;"@JamesRobert_ Hi Robert--good luck.";;@JamesRobert_;;"304624201334153216";https://twitter.com/realDonaldTrump/status/304624201334153216
;2013/02/21;321;105;"If you think we have a problem with Social Security and Medicare now, try taking in millions of new citizens all at once.";;;;"304622408134950912";https://twitter.com/realDonaldTrump/status/304622408134950912
;2013/02/21;445;381;"Republicans must be careful with immigration—don’t give our country away.";;;;"304622217185095681";https://twitter.com/realDonaldTrump/status/304622217185095681
;2013/02/21;42;25;"John McCain had a really hard time with his town hall meeting on immigration. They really went after him!";;;;"304621882139885568";https://twitter.com/realDonaldTrump/status/304621882139885568
;2013/02/21;43;68;". @mcuban, you were excellent on Howard Stern...thanks for the nice comments about my kids...yours are winners also!";;@mcuban;;"304621632075481088";https://twitter.com/realDonaldTrump/status/304621632075481088
;2013/02/20;11;8;"@Jamyawh. Thanks, great.";;@Jamyawh;;"304449876639485952";https://twitter.com/realDonaldTrump/status/304449876639485952
;2013/02/20;2;0;"@trooper0017. Thanks.";;@trooper0017;;"304448852176539648";https://twitter.com/realDonaldTrump/status/304448852176539648
;2013/02/20;2;0;"@SandyOgg1. Thanks Sandy.";;@SandyOgg1;;"304445304961396736";https://twitter.com/realDonaldTrump/status/304445304961396736
;2013/02/20;2;0;"@lp084. Thanks.";;@lp084;;"304438359718248448";https://twitter.com/realDonaldTrump/status/304438359718248448
;2013/02/20;1;0;"@MegaLouise88. O.K. write me.";;@MegaLouise88;;"304437836294258688";https://twitter.com/realDonaldTrump/status/304437836294258688
;2013/02/20;2;0;"@jennymorris427. Thanks Jenny.";;@jennymorris427;;"304436625675534336";https://twitter.com/realDonaldTrump/status/304436625675534336
;2013/02/20;1;0;"@ff3476. Great.";;@ff3476;;"304436187219763200";https://twitter.com/realDonaldTrump/status/304436187219763200
;2013/02/20;7;10;"@InNovember2012. Thanks.";;@InNovember2012;;"304435702194647040";https://twitter.com/realDonaldTrump/status/304435702194647040
;2013/02/20;1;0;"@AndeyR. Thanks Andey.";;@AndeyR;;"304434933932359682";https://twitter.com/realDonaldTrump/status/304434933932359682
;2013/02/20;2;1;"@AndreaMoorehous. Thanks.";;@AndreaMoorehous;;"304434587533197312";https://twitter.com/realDonaldTrump/status/304434587533197312
;2013/02/20;2;0;"@Katt8808. Thanks K.";;@Katt8808;;"304432851804356609";https://twitter.com/realDonaldTrump/status/304432851804356609
;2013/02/20;2;0;"@RobertSuppa. Thanks";;@RobertSuppa;;"304432499507994628";https://twitter.com/realDonaldTrump/status/304432499507994628
;2013/02/20;22;11;"@Yolie4MS. Loser!";;@Yolie4MS;;"304432326266454017";https://twitter.com/realDonaldTrump/status/304432326266454017
;2013/02/20;2;1;"@alan_liljegren. Thanks Alan.";;@alan_liljegren;;"304431677202108416";https://twitter.com/realDonaldTrump/status/304431677202108416
;2013/02/20;1;0;"@michaellunsford. Thanks Michael.";;@michaellunsford;;"304431206982905856";https://twitter.com/realDonaldTrump/status/304431206982905856
;2013/02/20;1;0;"@RothsteinTravis. Art of the Deal.";;@RothsteinTravis;;"304430863435845632";https://twitter.com/realDonaldTrump/status/304430863435845632
;2013/02/20;4;2;"@Maybach_Zach. Thanks.";;@Maybach_Zach;;"304388368102473728";https://twitter.com/realDonaldTrump/status/304388368102473728
;2013/02/20;2;0;"@michaellunsford. Thanks.";;@michaellunsford;;"304388204935659521";https://twitter.com/realDonaldTrump/status/304388204935659521
;2013/02/20;2;0;"@chrisbarno. Great Chris.";;@chrisbarno;;"304387911745425409";https://twitter.com/realDonaldTrump/status/304387911745425409
;2013/02/20;2;0;"@sufiology. Thanks.";;@sufiology;;"304384125891145728";https://twitter.com/realDonaldTrump/status/304384125891145728
;2013/02/20;2;1;"@MichaelRubinton. Thanks.";;@MichaelRubinton;;"304382597285437440";https://twitter.com/realDonaldTrump/status/304382597285437440
;2013/02/20;5;1;"@LivesayRobin. Thanks.";;@LivesayRobin;;"304382454448414720";https://twitter.com/realDonaldTrump/status/304382454448414720
;2013/02/20;55;47;"Wow, Macy's numbers just in-Trump is doing better than ever - thanks for your great support!";;;;"304381728536002560";https://twitter.com/realDonaldTrump/status/304381728536002560
;2013/02/20;3;3;"@OnMyLevelLopez. That's why you're a failure!";;@OnMyLevelLopez;;"304379483551576064";https://twitter.com/realDonaldTrump/status/304379483551576064
;2013/02/20;1;0;"@jschwab2. Thanks.";;@jschwab2;;"304378809107501057";https://twitter.com/realDonaldTrump/status/304378809107501057
;2013/02/20;64;91;"@RickyTheBitch. Thanks.";;@RickyTheBitch;;"304376373282234370";https://twitter.com/realDonaldTrump/status/304376373282234370
;2013/02/20;3;1;"@FrankMDavisJR. Thanks.";;@FrankMDavisJR;;"304375473159405568";https://twitter.com/realDonaldTrump/status/304375473159405568
;2013/02/20;1;0;"@zachcb1. Thanks.";;@zachcb1;;"304375159542910976";https://twitter.com/realDonaldTrump/status/304375159542910976
;2013/02/20;1;0;"@sebspikes. Thanks.";;@sebspikes;;"304367358879875072";https://twitter.com/realDonaldTrump/status/304367358879875072
;2013/02/20;0;1;"@MissyNewman12. Thanks.";;@MissyNewman12;;"304367053974937600";https://twitter.com/realDonaldTrump/status/304367053974937600
;2013/02/20;1;0;"@marksrink. A toy next to The Apprentice - just a friday fill in!";;@marksrink;;"304366047899824128";https://twitter.com/realDonaldTrump/status/304366047899824128
;2013/02/20;0;1;"@CATHCO9. Thanks.";;@CATHCO9;;"304364212862451712";https://twitter.com/realDonaldTrump/status/304364212862451712
;2013/02/20;5;11;"@piersmorgan. Thanks Piers, you helped make it so!";;@piersmorgan;;"304363866396192768";https://twitter.com/realDonaldTrump/status/304363866396192768
;2013/02/20;1;2;"@tonytan0. Thanks Tony.";;@tonytan0;;"304363217780617217";https://twitter.com/realDonaldTrump/status/304363217780617217
;2013/02/20;55;37;"THE APPRENTICE. - 10 years, 182 shows - many at number one for week or night -Amazing! @NBC";;@NBC;;"304362471509073921";https://twitter.com/realDonaldTrump/status/304362471509073921
;2013/02/20;113;103;""The Job" on CBS, the 15th copy of The Apprentice, was just cancelled - I love it!";;;;"304358898889003009";https://twitter.com/realDonaldTrump/status/304358898889003009
;2013/02/20;499;196;""A pessimist is one who makes difficulties of his opportunities...";;;;"304347023757430784";https://twitter.com/realDonaldTrump/status/304347023757430784
;2013/02/20;556;223;"...and an optimist is one who makes opportunities of his difficulties." Harry S. Truman";;;;"304347008813109248";https://twitter.com/realDonaldTrump/status/304347008813109248
;2013/02/20;0;1;"@America4RandR. Thanks!";;@America4RandR;;"304344771068059649";https://twitter.com/realDonaldTrump/status/304344771068059649
;2013/02/20;1;0;"@iCyberSurfer Thanks Paul.";;@iCyberSurfer;;"304344721688510464";https://twitter.com/realDonaldTrump/status/304344721688510464
;2013/02/20;2;1;"@leatherneck03 Thanks and good luck!";;@leatherneck03;;"304344146922045440";https://twitter.com/realDonaldTrump/status/304344146922045440
;2013/02/20;3;1;"@Barbaric_Yawwp. Sadly, it's worthless!";;@Barbaric_Yawwp;;"304343858228113409";https://twitter.com/realDonaldTrump/status/304343858228113409
;2013/02/20;2;1;"@mldemmons. Go Angelo failed and gave up - now wants more p.r. - loser!";;@mldemmons;;"304343358288039936";https://twitter.com/realDonaldTrump/status/304343358288039936
;2013/02/20;1;1;"@LoadedNightclub. Thanks.";;@LoadedNightclub;;"304341968639643648";https://twitter.com/realDonaldTrump/status/304341968639643648
;2013/02/20;4;0;"@Olivier1uk. You are not looking tooooo good yourself!";;@Olivier1uk;;"304337227931086849";https://twitter.com/realDonaldTrump/status/304337227931086849
;2013/02/20;191;40;"Despite all the statements to the contrary, Obama’s policies will increase taxes on everyone http://bit.ly/Xl9WTX  Enjoy!";;;;"304337155973591040";https://twitter.com/realDonaldTrump/status/304337155973591040
;2013/02/20;418;143;"It is fatal to enter any war without the will to win it. - Douglas MacArthur";;;;"304335317194915841";https://twitter.com/realDonaldTrump/status/304335317194915841
;2013/02/20;17;16;"@MrMokelly. Dopey, nobody is laughing at me!";;@MrMokelly;;"304334460445396994";https://twitter.com/realDonaldTrump/status/304334460445396994
;2013/02/20;49;19;"I am hearing that @NRCC Digital Director @lansing is doing great work expanding and modernizing @GOP social media. Good – we need it.";;@NRCC @lansing @GOP;;"304333296286961664";https://twitter.com/realDonaldTrump/status/304333296286961664
;2013/02/20;44;33;"I had amazing time in Charlotte. Great people & many new friends. I look forward to coming back very soon. Congrats to Gavin & Staff.";;;;"304329855292559360";https://twitter.com/realDonaldTrump/status/304329855292559360
;2013/02/20;30;21;"Former winner @bretmichaels returns to All-Star @ApprenticeNBC March 3rd on @NBC. Bret shows once again why he is a champion!";;@bretmichaels @ApprenticeNBC @NBC;;"304329171289649152";https://twitter.com/realDonaldTrump/status/304329171289649152
;2013/02/20;10;11;"Via @kmovnewsfeed: "Photos: Tour Donald Trump's NC golf club" http://bit.ly/Xl4S1T ";;@kmovnewsfeed;;"304328301302915072";https://twitter.com/realDonaldTrump/status/304328301302915072
;2013/02/20;9;5;". @DianneG @WCNC To the “news bigs” -- elevate Dianne Gallagher immediately—she is terrific!";;@DianneG @WCNC;;"304327332993302529";https://twitter.com/realDonaldTrump/status/304327332993302529
;2013/02/20;21;14;"My @ WCNC News interview w/ @DianneG touring the magnificent Trump National Charlotte course & facilities http://bit.ly/Xl6icO ";;@ @DianneG;;"304314717852295168";https://twitter.com/realDonaldTrump/status/304314717852295168
;2013/02/20;273;49;"The Oscar Pistorius disaster is a really interesting story to me—a very sad situation for everyone!";;;;"304314056330838016";https://twitter.com/realDonaldTrump/status/304314056330838016
;2013/02/20;347;341;"I’m really saddened to see that @Cher was voted “the 4th ugliest celebrity” according to @listverse....";;@Cher @listverse;;"304313199765893120";https://twitter.com/realDonaldTrump/status/304313199765893120
;2013/02/20;46;21;"...While I fully agree, it is not politically correct!http://bit.ly/6LtVVp ";;;;"304313180807630849";https://twitter.com/realDonaldTrump/status/304313180807630849
;2013/02/20;34;34;"Looks like a lawsuit against GoAngelo won’t work—my ties & shirts doing too well at Macy’s--he's actually helping. I have no damages!";;;;"304307870730694656";https://twitter.com/realDonaldTrump/status/304307870730694656
;2013/02/20;33;26;"My ties & shirts at Macy’s are doing great. Stupid @GoAngelo is making people aware of how good they are!";;@GoAngelo;;"304307033929297920";https://twitter.com/realDonaldTrump/status/304307033929297920
;2013/02/20;27;18;"Dummy @GoAngelo who had 11 people show up for 15 min. at his “massive” rally at Macy’s is trying to get publicity for self by using me";;@GoAngelo;;"304306910222508032";https://twitter.com/realDonaldTrump/status/304306910222508032
;2013/02/20;2;3;"@tommo1903 Thanks Craig!";;@tommo1903;;"304289908489592832";https://twitter.com/realDonaldTrump/status/304289908489592832
;2013/02/20;1;3;"@josephc45 Do you understand sarcasm?";;@josephc45;;"304289618545750017";https://twitter.com/realDonaldTrump/status/304289618545750017
;2013/02/20;3;7;"@TGSituation Thanks Tyler.";;@TGSituation;;"304289213183041536";https://twitter.com/realDonaldTrump/status/304289213183041536
;2013/02/20;1;0;"@walexjoe9 Thanks!";;@walexjoe9;;"304288799637241856";https://twitter.com/realDonaldTrump/status/304288799637241856
;2013/02/20;0;1;"@bguzqueda Thanks Boris, good luck.";;@bguzqueda;;"304288180029501440";https://twitter.com/realDonaldTrump/status/304288180029501440
;2013/02/20;0;0;"@Josephciarla Thanks Joseph.";;@Josephciarla;;"304287386651742208";https://twitter.com/realDonaldTrump/status/304287386651742208
;2013/02/20;633;260;"Review your work habits & make sure they are taking you in the right direction. Don't tread water--get out there and go for it.";;;;"304276320509124609";https://twitter.com/realDonaldTrump/status/304276320509124609
;2013/02/20;0;0;"@paul1994loan Chicago is a great city and we have the most beautiful location. Yes, it's doing well! Thanks.";;@paul1994loan;;"304271696163127297";https://twitter.com/realDonaldTrump/status/304271696163127297
;2013/02/20;0;0;"@angieevanhorn Thanks Angie for your comments.";;@angieevanhorn;;"304271134529028098";https://twitter.com/realDonaldTrump/status/304271134529028098
;2013/02/20;0;1;"@scottgray0622 Thanks Scott. .";;@scottgray0622;;"304266713904594944";https://twitter.com/realDonaldTrump/status/304266713904594944
;2013/02/20;6;21;"@TaylorSangOrDie Focus on your goals, work hard and never give up. Good luck!";;@TaylorSangOrDie;;"304264261335650304";https://twitter.com/realDonaldTrump/status/304264261335650304
;2013/02/20;0;0;"@JerryYanks Thanks Jerry. Good luck.";;@JerryYanks;;"304263484588314625";https://twitter.com/realDonaldTrump/status/304263484588314625
;2013/02/20;1;1;"@scifivision @CelebApprentice Thanks Jamie. Tune in March 3rd for the new season--you'll love it.";;@scifivision @CelebApprentice;;"304263224726016000";https://twitter.com/realDonaldTrump/status/304263224726016000
;2013/02/20;0;1;"@BobLo_Lady Thanks.";;@BobLo_Lady;;"304260963295694848";https://twitter.com/realDonaldTrump/status/304260963295694848
;2013/02/20;21;6;"@Ralphige Thanks!";;@Ralphige;;"304259622095708160";https://twitter.com/realDonaldTrump/status/304259622095708160
;2013/02/20;1;0;"@tylerponton I will.";;@tylerponton;;"304259366180241408";https://twitter.com/realDonaldTrump/status/304259366180241408
;2013/02/20;2;16;"@louriz Thanks Lou.";;@louriz;;"304259150588817409";https://twitter.com/realDonaldTrump/status/304259150588817409
;2013/02/20;527;223;"Re: Success-- Don't put blinders on and do not limit yourself; reach out, seek and explore. Think big at all times.";;;;"304256173060812800";https://twitter.com/realDonaldTrump/status/304256173060812800
;2013/02/20;641;248;"Achievers move forward at all times. Achievement is not a plateau, it's a beginning.";;;;"304247837963718658";https://twitter.com/realDonaldTrump/status/304247837963718658
;2013/02/19;3;2;"@ilevitan. Number one rated hotel in Toronto--and getting even better! Best wishes.";;@ilevitan;;"304096294618681344";https://twitter.com/realDonaldTrump/status/304096294618681344
;2013/02/19;0;0;"@SHANEDIESEL777. Thanks.";;@SHANEDIESEL777;;"304093117097865216";https://twitter.com/realDonaldTrump/status/304093117097865216
;2013/02/19;4;3;"@mrstuckerx. Thanks.";;@mrstuckerx;;"304037581711101953";https://twitter.com/realDonaldTrump/status/304037581711101953
;2013/02/19;165;152;"Too many people rely on auto correct...an assistant of mine apologizes!";;;;"303998029097209856";https://twitter.com/realDonaldTrump/status/303998029097209856
;2013/02/19;588;330;"The many losers and haters never have the brains or stamina to become truly successful!";;;;"303997422907047936";https://twitter.com/realDonaldTrump/status/303997422907047936
;2013/02/19;0;1;"@pga4terry. Thanks.";;@pga4terry;;"303989419512324096";https://twitter.com/realDonaldTrump/status/303989419512324096
;2013/02/19;375;177;""Always protect against the downside--the upside will take care of itself." Donald J. Trump";;;;"303987671464820736";https://twitter.com/realDonaldTrump/status/303987671464820736
;2013/02/19;718;165;"$5 a gallon gas and we have yet to approve the Keystone XL Pipeline. OPEC is laughing at us.";;;;"303984203333259264";https://twitter.com/realDonaldTrump/status/303984203333259264
;2013/02/19;26;15;""Donald Trump will keynote Oakland County Republicans' Lincoln Day dinner" http://bit.ly/Zo0r9A  via @MLive Record crowd expected.";;@MLive;;"303983231827591169";https://twitter.com/realDonaldTrump/status/303983231827591169
;2013/02/19;209;62;"Now China is helping Iran smuggle nuclear parts http://bit.ly/XWaQo4  . China is not an ally but our country's greatest threat & rival.";;;;"303981093432991745";https://twitter.com/realDonaldTrump/status/303981093432991745
;2013/02/19;37;16;"Good news - @AFPhq is going to fight back against Rove’s attack on the Tea Party http://bit.ly/XlGJ8e  Go get em! @marklevinshow";;@AFPhq @marklevinshow;;"303979718464638976";https://twitter.com/realDonaldTrump/status/303979718464638976
;2013/02/19;190;122;"Idiot @billmaher always forgets to mention that I am suing him to collect the $5M for charity, that he expressly offered.";;@billmaher;;"303975557434064896";https://twitter.com/realDonaldTrump/status/303975557434064896
;2013/02/19;69;41;". @billmaher says that "the Iraelis are controlling our government" http://bit.ly/YwUdhq  @HBO. Let's fire him a second time.";;@billmaher @HBO;;"303972127399366657";https://twitter.com/realDonaldTrump/status/303972127399366657
;2013/02/19;9;3;"Via @courierjournal: "Donald Trump says Karl Rove is making Ashley Judd ‘a rock star’"http://cjky.it/ZnYkCE ";;@courierjournal;;"303971303608688640";https://twitter.com/realDonaldTrump/status/303971303608688640
;2013/02/19;394;165;"“Being an entrepreneur is a big task. So what can you do to prepare? First and foremost, expand your focus.” - Midas Touch";;;;"303963197210259457";https://twitter.com/realDonaldTrump/status/303963197210259457
;2013/02/19;183;66;"@Diego_Arria. I hear you are doing great! Take care of yourself.";;@Diego_Arria;;"303960093064577025";https://twitter.com/realDonaldTrump/status/303960093064577025
;2013/02/19;16;3;"Via @BreitbartNews' @biggovt: "TRUMP, LEVIN RIGHT ABOUT ROVE" http://bit.ly/ZnXuFW  @David_Bossie @Citizens_United, @marklevinshow";;@BreitbartNews @biggovt @David_Bossie @Citizens_United @marklevinshow;;"303959586514284545";https://twitter.com/realDonaldTrump/status/303959586514284545
;2013/02/19;9;7;"@rocionavas Make sure you love your business. You have to be passionate about it. Focus on it 100%. Go for it with everything you've got.";;@rocionavas;;"303958661175320577";https://twitter.com/realDonaldTrump/status/303958661175320577
;2013/02/19;12;11;"@imfrankdatank Know your territory. Do your own research. Always be on the lookout for opportunties. Keep an open mind but be cautious.";;@imfrankdatank;;"303954684719292417";https://twitter.com/realDonaldTrump/status/303954684719292417
;2013/02/19;30;12;"Via @theobserver: "Donald Trump: Lake Norman golf course 'one of the hottest places around'" http://bit.ly/ZnXJkg ";;@theobserver;;"303950823463976962";https://twitter.com/realDonaldTrump/status/303950823463976962
;2013/02/19;53;22;"“Trump: 'I like North Carolina, we are looking at another deal'” http://bit.ly/12ZMvU6  via @WSOC_TV";;@WSOC_TV;;"303950616932261888";https://twitter.com/realDonaldTrump/status/303950616932261888
;2013/02/19;183;93;""I love the Lakers and when you love the Lakers, you want them to win so badly that you will work tirelessly." - Dr. Jerry Buss";;;;"303930995789398016";https://twitter.com/realDonaldTrump/status/303930995789398016
;2013/02/19;23;16;"Dianne Gallagher @DianneG is a great reporter for News Channel 36 in Charlotte, NC. Fantastic interview--thanks!";;@DianneG;;"303926723630727169";https://twitter.com/realDonaldTrump/status/303926723630727169
;2013/02/19;48;27;"All-Star @ApprenticeNBC, premiering March 3rd on @NBC, features terrific TV stars competing in the toughest tasks yet. Will be great.";;@ApprenticeNBC @NBC;;"303925701319479296";https://twitter.com/realDonaldTrump/status/303925701319479296
;2013/02/19;162;67;"Great to see @Yankees Captain Derek Jeter back on the field. He will have another great season and make NYC proud again.";;@Yankees;;"303924402595196930";https://twitter.com/realDonaldTrump/status/303924402595196930
;2013/02/19;31;13;"My exclusive @WSOC_TV interview with @BlairMiller9 discussing Trump National North Carolina & future deals http://bit.ly/12ZMvU6 ";;@WSOC_TV @BlairMiller9;;"303919046783561729";https://twitter.com/realDonaldTrump/status/303919046783561729
;2013/02/19;24;12;"My @foxandfriends interview discussing Pres. Obama playing golf w/ @TigerWoods, US Airways-American merger & oilhttp://bit.ly/ZnZrSP ";;@foxandfriends @TigerWoods;;"303916546340843520";https://twitter.com/realDonaldTrump/status/303916546340843520
;2013/02/19;0;0;"@minnegard Thanks and good luck.";;@minnegard;;"303915973218549761";https://twitter.com/realDonaldTrump/status/303915973218549761
;2013/02/19;1006;378;"Listen and learn from others but make your own decisions. Use your instincts--you alone know where you want to go.";;;;"303897398634225664";https://twitter.com/realDonaldTrump/status/303897398634225664
;2013/02/19;721;325;"Be tenacious. Being tenacious means you're tough and patient at once--a formidable combination.";;;;"303885871793446912";https://twitter.com/realDonaldTrump/status/303885871793446912
;2013/02/19;3;1;"@KirstiH14 @glamourfairy01 Hi Kirsti.";;@KirstiH14 @glamourfairy01;;"303880398801346560";https://twitter.com/realDonaldTrump/status/303880398801346560
;2013/02/19;0;0;"@kstan500 Happy birthday Kyle.";;@kstan500;;"303876918330134529";https://twitter.com/realDonaldTrump/status/303876918330134529
;2013/02/19;0;1;"@dmizzle86 Thanks Danielle.";;@dmizzle86;;"303876359049064449";https://twitter.com/realDonaldTrump/status/303876359049064449
;2013/02/19;0;0;"@SPANISHFLYAR09 @TrumpToronto @TripAdvisor Thanks--Toronto is great.";;@SPANISHFLYAR09 @TrumpToronto @TripAdvisor;;"303870510951981056";https://twitter.com/realDonaldTrump/status/303870510951981056
;2013/02/19;7;4;"@KayWiggs Thanks!";;@KayWiggs;;"303868650996240384";https://twitter.com/realDonaldTrump/status/303868650996240384
;2013/02/19;1;2;"@BrewCrew88. Have a great time!";;@BrewCrew88;;"303862827230310400";https://twitter.com/realDonaldTrump/status/303862827230310400
;2013/02/19;2;1;"@glamourfairy01. Great!";;@glamourfairy01;;"303846455129542656";https://twitter.com/realDonaldTrump/status/303846455129542656
;2013/02/19;81;51;"Jerry Buss was a great guy and friend. He will be missed!";;;;"303845468436320256";https://twitter.com/realDonaldTrump/status/303845468436320256
;2013/02/19;0;1;"@NathalieS_29. Thanks.";;@NathalieS_29;;"303840465285951489";https://twitter.com/realDonaldTrump/status/303840465285951489
;2013/02/18;7;4;"@TJKnox8. Thanks.";;@TJKnox8;;"303681685919260673";https://twitter.com/realDonaldTrump/status/303681685919260673
;2013/02/18;407;263;"@SucioGato. Thanks.";;@SucioGato;;"303665757672312832";https://twitter.com/realDonaldTrump/status/303665757672312832
;2013/02/18;0;0;"@KugaNatsukihime. Thanks.";;@KugaNatsukihime;;"303665065113038848";https://twitter.com/realDonaldTrump/status/303665065113038848
;2013/02/18;0;0;"@coldkeyes. Thanks.";;@coldkeyes;;"303664619778613248";https://twitter.com/realDonaldTrump/status/303664619778613248
;2013/02/18;0;0;"@TheBradBaker. Thanks.";;@TheBradBaker;;"303664091095003136";https://twitter.com/realDonaldTrump/status/303664091095003136
;2013/02/18;0;1;"@RealPro4Real. Thanks";;@RealPro4Real;;"303663707991465984";https://twitter.com/realDonaldTrump/status/303663707991465984
;2013/02/18;2;1;"@BrisQT. Thanks.";;@BrisQT;;"303662970473443328";https://twitter.com/realDonaldTrump/status/303662970473443328
;2013/02/18;1;0;"@jonathanlipman. Thanks!";;@jonathanlipman;;"303662672241631232";https://twitter.com/realDonaldTrump/status/303662672241631232
;2013/02/18;2;6;"@gwhitttttton. Thanks!";;@gwhitttttton;;"303662219269394432";https://twitter.com/realDonaldTrump/status/303662219269394432
;2013/02/18;1199;181;"I am surprised that Hugo Chavez can keep power in his weak physical condition!";;;;"303661628560388096";https://twitter.com/realDonaldTrump/status/303661628560388096
;2013/02/18;0;0;"@TheBradBaker. Thanks.";;@TheBradBaker;;"303658094855069696";https://twitter.com/realDonaldTrump/status/303658094855069696
;2013/02/18;545;170;"I said gas prices would sky rocket after election - Opec payback!";;;;"303649244814901248";https://twitter.com/realDonaldTrump/status/303649244814901248
;2013/02/16;6;3;"@erinstockwell. Thanks.";;@erinstockwell;;"302968374806339584";https://twitter.com/realDonaldTrump/status/302968374806339584
;2013/02/16;2;1;"@marissanail25. Thanks";;@marissanail25;;"302927534000074752";https://twitter.com/realDonaldTrump/status/302927534000074752
;2013/02/16;143;58;"Great going.";;;;"302925403595612160";https://twitter.com/realDonaldTrump/status/302925403595612160
;2013/02/15;1046;1134;"If I’m the third most envied man in America, the small group of haters and losers must be nauseas.";;;;"302549902255325184";https://twitter.com/realDonaldTrump/status/302549902255325184
;2013/02/15;494;467;"Wow—Family Feud said I am the third most envied man in America. I respectfully disagree—I am very modest.";;;;"302540025227255808";https://twitter.com/realDonaldTrump/status/302540025227255808
;2013/02/15;1654;1437;"“If the freedom of speech is taken away then dumb and silent we may be led, like sheep to the slaughter.” - George Washington";;;;"302530722453921793";https://twitter.com/realDonaldTrump/status/302530722453921793
;2013/02/15;21;6;"Looks like @bwilliams is having some problems with his Rock Center with Brian Williams show--I hate to see such bad ratings for @NBC.";;@bwilliams @NBC;;"302529157965967360";https://twitter.com/realDonaldTrump/status/302529157965967360
;2013/02/15;1;1;"@goonerdad52 Hi Chris.";;@goonerdad52;;"302528272934268928";https://twitter.com/realDonaldTrump/status/302528272934268928
;2013/02/15;2;2;"@jrzbeach Thanks Eileen!";;@jrzbeach;;"302527829659222017";https://twitter.com/realDonaldTrump/status/302527829659222017
;2013/02/15;31;12;"Chuck Hagel’s nomination has been held up for at least 12 more days. A lot can happen.";;;;"302524947652288515";https://twitter.com/realDonaldTrump/status/302524947652288515
;2013/02/15;29;19;"People have been asking to hear my Howard Stern interview—you can access it on @HowardTV.";;@HowardTV;;"302523996572905472";https://twitter.com/realDonaldTrump/status/302523996572905472
;2013/02/15;133;48;"The American-US Airways merger will create even worse service and much higher fares.";;;;"302517960717774848";https://twitter.com/realDonaldTrump/status/302517960717774848
;2013/02/15;37;16;"Trump National Golf Club, Charlotte, is the premiere club in North Carolina. http://bit.ly/WuYYtC  Will visit tomorrow.";;;;"302514961501016065";https://twitter.com/realDonaldTrump/status/302514961501016065
;2013/02/15;5;6;"@gleasondp Good idea.";;@gleasondp;;"302514321903202304";https://twitter.com/realDonaldTrump/status/302514321903202304
;2013/02/15;1;0;"@mistdriscoll Thanks, see you tomorrow.";;@mistdriscoll;;"302514004167888897";https://twitter.com/realDonaldTrump/status/302514004167888897
;2013/02/15;75;32;"Looking forward to speaking @acnnews International Convention tomorrow morning in Charlotte, NC http://bit.ly/WuYyn4 ";;@acnnews;;"302509886233792512";https://twitter.com/realDonaldTrump/status/302509886233792512
;2013/02/15;28;6;"Via @freep: "Trump to speak to GOP" http://on.freep.com/WuSjzI ";;@freep;;"302506439811948544";https://twitter.com/realDonaldTrump/status/302506439811948544
;2013/02/15;1;0;"@RealMissHIUSA13 Thanks Brianna!";;@RealMissHIUSA13;;"302505792865718272";https://twitter.com/realDonaldTrump/status/302505792865718272
;2013/02/15;1;2;"@chrisgd61 @ApprenticeNBC @OMAROSA @THEGaryBusey March 3rd, 9 PM EST on NBC";;@chrisgd61 @ApprenticeNBC @OMAROSA @THEGaryBusey;;"302504901785825280";https://twitter.com/realDonaldTrump/status/302504901785825280
;2013/02/15;1;0;"@Craigkotter Thanks--will be great!";;@Craigkotter;;"302504683489067008";https://twitter.com/realDonaldTrump/status/302504683489067008
;2013/02/15;29;13;"All-Star @ApprenticeNBC has done the impossible. TV's greatest villain @OMAROSA & @THEGaryBusey are in competition. Fireworks!";;@ApprenticeNBC @OMAROSA @THEGaryBusey;;"302501763850858496";https://twitter.com/realDonaldTrump/status/302501763850858496
;2013/02/15;30;15;""Trump: Rove 'Made a Fool Out of Himself'" http://bit.ly/WuRB5E  via @cnsnews";;@cnsnews;;"302498345920901120";https://twitter.com/realDonaldTrump/status/302498345920901120
;2013/02/15;18;6;"Via @theblaze: "Donald Trump on how Rubio should have drank his water" http://bit.ly/WuQL8N ";;@theblaze;;"302497945490714624";https://twitter.com/realDonaldTrump/status/302497945490714624
;2013/02/15;21;28;"@bryanbrager #1 = be passionate. If you love what you're doing, success will follow. With passion, discouragement can't take hold.";;@bryanbrager;#1;"302481639936782336";https://twitter.com/realDonaldTrump/status/302481639936782336
;2013/02/15;286;142;"I never want someone working for me who doesn’t want to be there--and in the same way, you shouldn’t want to be there, either.";;;;"302474786091708416";https://twitter.com/realDonaldTrump/status/302474786091708416
;2013/02/15;1;1;"@Reed11593 Thanks Adam!";;@Reed11593;;"302474002633461760";https://twitter.com/realDonaldTrump/status/302474002633461760
;2013/02/15;0;0;"@AnnieLonden Thanks Annie.";;@AnnieLonden;;"302473601842556928";https://twitter.com/realDonaldTrump/status/302473601842556928
;2013/02/15;4;2;"@brandonarantes That's right, hard work it is. But worth it.";;@brandonarantes;;"302451058922381313";https://twitter.com/realDonaldTrump/status/302451058922381313
;2013/02/15;0;0;"@mattdaddyX6 Thank you.";;@mattdaddyX6;;"302447619718918146";https://twitter.com/realDonaldTrump/status/302447619718918146
;2013/02/15;1;1;"@nydave77 Keep at it!";;@nydave77;;"302446062692614146";https://twitter.com/realDonaldTrump/status/302446062692614146
;2013/02/15;2;1;"@philegl That's good news! Congrats.";;@philegl;;"302445719661457408";https://twitter.com/realDonaldTrump/status/302445719661457408
;2013/02/15;1425;556;"Remember, if you don't promote yourself, then no one else will! Likewise, believe in yourself--or no one else will either.";;;;"302445095553232897";https://twitter.com/realDonaldTrump/status/302445095553232897
;2013/02/15;934;323;"Success is good. Success with significance is even better. Work on what you will be proud to be associated with--make your work count.";;;;"302440195150737408";https://twitter.com/realDonaldTrump/status/302440195150737408
;2013/02/15;1;0;"@Cynlanjoh Keep up the good work Cynthia.";;@Cynlanjoh;;"302433795267776512";https://twitter.com/realDonaldTrump/status/302433795267776512
;2013/02/15;1;0;"@Preppermeister Thanks and good luck.";;@Preppermeister;;"302433649641533440";https://twitter.com/realDonaldTrump/status/302433649641533440
;2013/02/15;1118;474;"“Do not give in to anger. It destroys your focus on goals and ruins your concentration.” – Think Big";;;;"302428698341146624";https://twitter.com/realDonaldTrump/status/302428698341146624
;2013/02/15;2;2;"@MooreReva Good. Never give up!";;@MooreReva;;"302428072739737601";https://twitter.com/realDonaldTrump/status/302428072739737601
;2013/02/15;0;0;"@WRousey @marklevinshow Thanks Will.";;@WRousey @marklevinshow;;"302427297858854913";https://twitter.com/realDonaldTrump/status/302427297858854913
;2013/02/15;0;2;"@DomMarino21 Thanks Dom.";;@DomMarino21;;"302427197401100288";https://twitter.com/realDonaldTrump/status/302427197401100288
;2013/02/15;3;2;"@hosscasey Happy birthday Matt.";;@hosscasey;;"302421895813423104";https://twitter.com/realDonaldTrump/status/302421895813423104
;2013/02/15;0;0;"@sfyfe_n Thanks Neil.";;@sfyfe_n;;"302421568326336512";https://twitter.com/realDonaldTrump/status/302421568326336512
;2013/02/15;3;0;"@RuRu_89 thanks";;@RuRu_89;;"302358232716939265";https://twitter.com/realDonaldTrump/status/302358232716939265
;2013/02/14;4;2;"@rosscooker thanks";;@rosscooker;;"302270661387231232";https://twitter.com/realDonaldTrump/status/302270661387231232
;2013/02/14;366;156;"If you can count the amount of time you put into a project on your fingers, then you haven’t spent enough time on it.";;;;"302181477943214080";https://twitter.com/realDonaldTrump/status/302181477943214080
;2013/02/14;2;2;"@JMBruh @jdmael Complete is good.";;@JMBruh @jdmael;;"302181116771725313";https://twitter.com/realDonaldTrump/status/302181116771725313
;2013/02/14;709;313;"Take responsibility for yourself--it's a very empowering attitude.";;;;"302177141892730881";https://twitter.com/realDonaldTrump/status/302177141892730881
;2013/02/14;1;0;"@sassy_grunch @Joan_Rivers @ApprenticeNBC Seriously!";;@sassy_grunch @Joan_Rivers @ApprenticeNBC;;"302171482967113728";https://twitter.com/realDonaldTrump/status/302171482967113728
;2013/02/14;0;0;"@MichaelJDGregor You're absolutely right.";;@MichaelJDGregor;;"302171010839502848";https://twitter.com/realDonaldTrump/status/302171010839502848
;2013/02/14;22;23;"Thanks for all the great comments on all my recent interviews. Much appreciated.";;;;"302169878578724864";https://twitter.com/realDonaldTrump/status/302169878578724864
;2013/02/14;2;0;"@MamaBabyHood Thanks--keep up the good work.";;@MamaBabyHood;;"302169102972243969";https://twitter.com/realDonaldTrump/status/302169102972243969
;2013/02/14;0;0;"@Andresrojas35 Thank you Andy and best wishes to you.";;@Andresrojas35;;"302168477689597952";https://twitter.com/realDonaldTrump/status/302168477689597952
;2013/02/14;0;2;"@mandielaurin Good!";;@mandielaurin;;"302167972942839809";https://twitter.com/realDonaldTrump/status/302167972942839809
;2013/02/14;12;6;"@jdmael Watch what happens, dummy--it won't be pretty.";;@jdmael;;"302167827773796352";https://twitter.com/realDonaldTrump/status/302167827773796352
;2013/02/14;2;1;"@nwsocialist Dopey--Big success and great for Scotland!";;@nwsocialist;;"302167467386609664";https://twitter.com/realDonaldTrump/status/302167467386609664
;2013/02/14;212;135;"Obama vacationing in West Palm Beach starting tomorrow. He should play a round at Trump Int'l Golf Club - #1 rated course in Florida.";;;#1;"302166901122019328";https://twitter.com/realDonaldTrump/status/302166901122019328
;2013/02/14;168;90;"No surprise, with the talk of amnesty in DC, illegal immigration is picking up in Arizonahttp://bit.ly/VU8J7V ";;;;"302166344269455360";https://twitter.com/realDonaldTrump/status/302166344269455360
;2013/02/14;170;51;"Not only did Egypt destroy its civil society w/ the Muslim Brotherhood, now it is a complete economic mess http://bit.ly/VU8Ccr ";;;;"302162939861934082";https://twitter.com/realDonaldTrump/status/302162939861934082
;2013/02/14;0;0;"@MicRoger You're right--billions.";;@MicRoger;;"302162443264729088";https://twitter.com/realDonaldTrump/status/302162443264729088
;2013/02/14;5;1;"@JohnSSaba It will be great--thanks.";;@JohnSSaba;;"302162078381273088";https://twitter.com/realDonaldTrump/status/302162078381273088
;2013/02/14;1;1;"@EAWIII @MELANIATRUMP Thank you Edward.";;@EAWIII @MELANIATRUMP;;"302161431439241217";https://twitter.com/realDonaldTrump/status/302161431439241217
;2013/02/14;21;19;"In my office with Banana Joe, who just won the @WKCDOGS at @MSGnyc. http://fb.me/1IRjmUruG ";;@WKCDOGS @MSGnyc;;"302160199521796096";https://twitter.com/realDonaldTrump/status/302160199521796096
;2013/02/14;1;0;"@KayBee0h @acnnews And I look forward to it--big crowd.";;@KayBee0h @acnnews;;"302159546066034688";https://twitter.com/realDonaldTrump/status/302159546066034688
;2013/02/14;0;0;"@mayorgas Good! and good luck!";;@mayorgas;;"302157753307246593";https://twitter.com/realDonaldTrump/status/302157753307246593
;2013/02/14;1;0;"@makeupwithme7 Thanks--work hard every day!";;@makeupwithme7;;"302156126374461440";https://twitter.com/realDonaldTrump/status/302156126374461440
;2013/02/14;1;0;"@PlsCloneNugent Thanks Susan.";;@PlsCloneNugent;;"302155419281915904";https://twitter.com/realDonaldTrump/status/302155419281915904
;2013/02/14;642;834;". @GOP need to face reality – not one of the illegal immigrants granted amnesty will vote Republican.";;@GOP;;"302155020697235456";https://twitter.com/realDonaldTrump/status/302155020697235456
;2013/02/14;200;97;"The Tea Party is filled with great Americans. Despite being mistreated by everyone, including @GOP, they will continue to fight on";;@GOP;;"302154507058544640";https://twitter.com/realDonaldTrump/status/302154507058544640
;2013/02/14;1;0;"@jason23_9 @deesnider @ApprenticeNBC March 3rd, 9 PM EST on NBC.";;@jason23_9 @deesnider @ApprenticeNBC;;"302154049590018049";https://twitter.com/realDonaldTrump/status/302154049590018049
;2013/02/14;29;25;"Everyone's favorite frontman, Twisted Sister lead singer @deesnider returns to this year’s All-Star @ApprenticeNBC. Dee does great!";;@deesnider @ApprenticeNBC;;"302153126323027968";https://twitter.com/realDonaldTrump/status/302153126323027968
;2013/02/14;147;34;"I believe in free markets but allowing a merger of US Air & American Airlines is totally ridiculous! Will control most of US market.";;;;"302147050043228161";https://twitter.com/realDonaldTrump/status/302147050043228161
;2013/02/14;151;63;"If US Air and American Airlines are allowed to merge, we are back to the days of “monopoly.”";;;;"302146957617528832";https://twitter.com/realDonaldTrump/status/302146957617528832
;2013/02/14;48;28;"@foodnfocus Happy Valentine's Day!";;@foodnfocus;;"302145599191523329";https://twitter.com/realDonaldTrump/status/302145599191523329
;2013/02/14;31;17;"“Trump: Rove Gave Us Obama” http://bit.ly/VU7ENB  via @cnsnews";;@cnsnews;;"302144070862655489";https://twitter.com/realDonaldTrump/status/302144070862655489
;2013/02/14;20;9;"Via @BW: "Donald Trump Vows to Fight Scottish Wind Farm Plan in Courts" http://buswk.co/VU7K7N ";;@BW;;"302138824870465537";https://twitter.com/realDonaldTrump/status/302138824870465537
;2013/02/14;26;10;"Via @BreitbartNews’ @biggovt: “WAR! TRUMP, LEVIN PUMMEL ROVE AS CONSERVATIVE BATTLE ESCALATES”http://bit.ly/VU5LjI ";;@BreitbartNews @biggovt;;"302135981572759554";https://twitter.com/realDonaldTrump/status/302135981572759554
;2013/02/14;9;36;"@tonystang Thanks Tony, good luck.";;@tonystang;;"302130658682236928";https://twitter.com/realDonaldTrump/status/302130658682236928
;2013/02/14;24;18;"Really enjoyed my interview with @marklevinshow. He is terrific!";;@marklevinshow;;"302129659305418753";https://twitter.com/realDonaldTrump/status/302129659305418753
;2013/02/14;2;1;"@hialexcarlson Thanks--just common sense.";;@hialexcarlson;;"302129278294839298";https://twitter.com/realDonaldTrump/status/302129278294839298
;2013/02/14;1;1;"@DorianDehari Thanks Dorian--it pays to persevere.";;@DorianDehari;;"302128865726312448";https://twitter.com/realDonaldTrump/status/302128865726312448
;2013/02/14;6;14;"@alexlyonnn @KendallMcVey Sounds interesting.";;@alexlyonnn @KendallMcVey;;"302128552072060928";https://twitter.com/realDonaldTrump/status/302128552072060928
;2013/02/14;18;11;"My @marklevinshow interview discussing Obama's SOTU, Rove's attack on the Tea Party & All-Star @ApprenticeNBC http://bit.ly/3XUQX ";;@marklevinshow @ApprenticeNBC;;"302128090488913920";https://twitter.com/realDonaldTrump/status/302128090488913920
;2013/02/14;41;12;"“Donald Trump on Mark Levin: Karl Rove is one of the most overrated people in politics” http://bit.ly/VU5BZF  via @TheRightScoop";;@TheRightScoop;;"302113383971450880";https://twitter.com/realDonaldTrump/status/302113383971450880
;2013/02/14;1;0;"@David_S_Ballard True!";;@David_S_Ballard;;"302110912758829056";https://twitter.com/realDonaldTrump/status/302110912758829056
;2013/02/14;1;0;"@meliabila Great--and good luck!";;@meliabila;;"302110746916040704";https://twitter.com/realDonaldTrump/status/302110746916040704
;2013/02/14;0;0;"@thomasfuller46 @IvankaTrump Thanks Thomas!";;@thomasfuller46 @IvankaTrump;;"302110618926850048";https://twitter.com/realDonaldTrump/status/302110618926850048
;2013/02/14;0;0;"@HisBloodSaves Great school--thanks!";;@HisBloodSaves;;"302109905043722240";https://twitter.com/realDonaldTrump/status/302109905043722240
;2013/02/14;29;13;"Congrats @TrumpToronto for being ranked #1 on @TripAdvisor and a Travellers' Choice 2013 Winner!";;@TrumpToronto @TripAdvisor;#1;"302108604884987904";https://twitter.com/realDonaldTrump/status/302108604884987904
;2013/02/14;0;0;"@McHaleFrank Thanks and good luck.";;@McHaleFrank;;"302101805335183360";https://twitter.com/realDonaldTrump/status/302101805335183360
;2013/02/14;360;160;"Remember to think big by expanding your horizons at the same time you’re expanding your net worth.";;;;"302089100310216705";https://twitter.com/realDonaldTrump/status/302089100310216705
;2013/02/14;4;6;"@EvaMannarino Hi Evelina.";;@EvaMannarino;;"302080621533081600";https://twitter.com/realDonaldTrump/status/302080621533081600
;2013/02/14;0;0;"@gilbertobm Thanks Gilberto and good luck.";;@gilbertobm;;"302078772268658688";https://twitter.com/realDonaldTrump/status/302078772268658688
;2013/02/14;0;0;"@Goofyname March 3rd, 9 PM EST on NBC.";;@Goofyname;;"302078449495965697";https://twitter.com/realDonaldTrump/status/302078449495965697
;2013/02/14;391;184;"Paying attention is a cost effective way of protecting yourself and your interests.";;;;"302076845430542336";https://twitter.com/realDonaldTrump/status/302076845430542336
;2013/02/14;7;3;"@RACentrone Thanks Robert.";;@RACentrone;;"302069179278843904";https://twitter.com/realDonaldTrump/status/302069179278843904
;2013/02/14;0;0;"@MaryGraceDH @TrumpToronto Thanks.";;@MaryGraceDH @TrumpToronto;;"302068963100221442";https://twitter.com/realDonaldTrump/status/302068963100221442
;2013/02/14;0;0;"@uptownfrills @ApprenticeNBC Definitely exciting.";;@uptownfrills @ApprenticeNBC;;"302068129159344128";https://twitter.com/realDonaldTrump/status/302068129159344128
;2013/02/14;0;0;"@uptownfrills True!";;@uptownfrills;;"302067880248360960";https://twitter.com/realDonaldTrump/status/302067880248360960
;2013/02/14;0;0;"@dtcairney Great success!";;@dtcairney;;"302067626933383168";https://twitter.com/realDonaldTrump/status/302067626933383168
;2013/02/14;1;1;"@ElishaNEWS Thanks.";;@ElishaNEWS;;"302067479352582144";https://twitter.com/realDonaldTrump/status/302067479352582144
;2013/02/14;1;0;"@RayshaCanup Will be great--thanks.";;@RayshaCanup;;"302067132261335041";https://twitter.com/realDonaldTrump/status/302067132261335041
;2013/02/14;221;65;"If US Air & American Airlines are allowed to merge, ticket prices will skyrocket—there will be no competition.";;;;"302063957596835840";https://twitter.com/realDonaldTrump/status/302063957596835840
;2013/02/14;1367;557;"It is important to think positively. Negative thinking will kill your focus and destroy any chance you have of being successful.";;;;"302063403407650817";https://twitter.com/realDonaldTrump/status/302063403407650817
;2013/02/14;1;4;"@JUrciuoli19 Happy birthday!";;@JUrciuoli19;;"302057347411505153";https://twitter.com/realDonaldTrump/status/302057347411505153
;2013/02/13;132;72;"Wow, Trump International Hotel & Tower Toronto was just ranked #1 out of 138 hotels in Toronto! @TrumpToronto";;@TrumpToronto;#1;"301817282286460929";https://twitter.com/realDonaldTrump/status/301817282286460929
;2013/02/13;1298;487;"“Do not pray for easy lives. Pray to be stronger men.” – Pres. John F. Kennedy";;;;"301810043316207616";https://twitter.com/realDonaldTrump/status/301810043316207616
;2013/02/13;464;239;"What is the standard for which you want to be known? Identify that standard and follow it.";;;;"301801967527796736";https://twitter.com/realDonaldTrump/status/301801967527796736
;2013/02/13;386;258;"You've got something unique to offer--find out what it is. Ask yourself: What can I provide that does not yet exist? Innovation can follow..";;;;"301801582369071104";https://twitter.com/realDonaldTrump/status/301801582369071104
;2013/02/13;0;5;"@chinnis_28 Today.";;@chinnis_28;;"301797592159903744";https://twitter.com/realDonaldTrump/status/301797592159903744
;2013/02/13;796;413;"Be focused, be disciplined, be patient--there are very few cases of instant gratification.";;;;"301795511269195776";https://twitter.com/realDonaldTrump/status/301795511269195776
;2013/02/13;1;1;"@marrs_cat Sounds like a good idea to me!";;@marrs_cat;;"301794290688983040";https://twitter.com/realDonaldTrump/status/301794290688983040
;2013/02/13;1;0;"@bragg_tina Thanks--read my books, they can help.";;@bragg_tina;;"301793634624360448";https://twitter.com/realDonaldTrump/status/301793634624360448
;2013/02/13;765;361;"Whatever you are doing right now, make sure to stop for a minute, focus and ask yourself “Am I thinking BIG?”";;;;"301793267400450048";https://twitter.com/realDonaldTrump/status/301793267400450048
;2013/02/13;28;22;"@JAMES_G_W Dummy, I never went bankrupt.";;@JAMES_G_W;;"301792098313699328";https://twitter.com/realDonaldTrump/status/301792098313699328
;2013/02/13;0;0;"@ECNew_York Thanks!";;@ECNew_York;;"301791500059168769";https://twitter.com/realDonaldTrump/status/301791500059168769
;2013/02/13;2;1;"@yadapup I will try!";;@yadapup;;"301790315013087232";https://twitter.com/realDonaldTrump/status/301790315013087232
;2013/02/13;1;2;"@paulkay220 Great and thanks Paul.";;@paulkay220;;"301789747871891458";https://twitter.com/realDonaldTrump/status/301789747871891458
;2013/02/13;0;0;"@CaptainNdiet It will be great!";;@CaptainNdiet;;"301789568418603011";https://twitter.com/realDonaldTrump/status/301789568418603011
;2013/02/13;302;60;"What a shock – higher taxes are slowing retail spending http://reut.rs/Vg5IfI  Wait until 2014 when Obama Care is fully implemented.";;;;"301788840547471360";https://twitter.com/realDonaldTrump/status/301788840547471360
;2013/02/13;96;70;"Speaking to a record crowd of over 20,000 people in Charlotte Arena this Saturday morning—look forward to it!";;;;"301784372158283779";https://twitter.com/realDonaldTrump/status/301784372158283779
;2013/02/13;3;2;"@TheJBish @billmaher You are right but I always believe in hitting back--and thanks.";;@TheJBish @billmaher;;"301781345347198976";https://twitter.com/realDonaldTrump/status/301781345347198976
;2013/02/13;0;0;"@BeanAnn Wall Street Journal & lots of others, including television.";;@BeanAnn;;"301780684765290497";https://twitter.com/realDonaldTrump/status/301780684765290497
;2013/02/13;9;9;"@79Rose79 I was never a big fan of Bush--he gave us Obama.";;@79Rose79;;"301780377545109504";https://twitter.com/realDonaldTrump/status/301780377545109504
;2013/02/13;1;1;"@mrdemain27 Thanks Darren.";;@mrdemain27;;"301777744402993155";https://twitter.com/realDonaldTrump/status/301777744402993155
;2013/02/13;48;35;"She’s back! Champion @Joan_Rivers returns to the boardroom in this year’s All-Star @ApprenticeNBC. Joan is ferocious.";;@Joan_Rivers @ApprenticeNBC;;"301776970893643776";https://twitter.com/realDonaldTrump/status/301776970893643776
;2013/02/13;2;4;"@MamaBabyHood Work hard, focus, be persistent and think smart.";;@MamaBabyHood;;"301774038324375553";https://twitter.com/realDonaldTrump/status/301774038324375553
;2013/02/13;1;1;"@mattwalker1809 Anytime!";;@mattwalker1809;;"301772533307408384";https://twitter.com/realDonaldTrump/status/301772533307408384
;2013/02/13;2;2;"@BeckettGOP Thanks Brian and good luck.";;@BeckettGOP;;"301772302616514561";https://twitter.com/realDonaldTrump/status/301772302616514561
;2013/02/13;2;1;"@JulesPQ Thanks--glad it was good.";;@JulesPQ;;"301772072672165888";https://twitter.com/realDonaldTrump/status/301772072672165888
;2013/02/13;0;0;"@DellaAdame Much worse!";;@DellaAdame;;"301771701576953856";https://twitter.com/realDonaldTrump/status/301771701576953856
;2013/02/13;4;0;"@Emeka89 Thanks!";;@Emeka89;;"301771366359773185";https://twitter.com/realDonaldTrump/status/301771366359773185
;2013/02/13;1;1;"@steffanpiper Very good!";;@steffanpiper;;"301771083894382592";https://twitter.com/realDonaldTrump/status/301771083894382592
;2013/02/13;0;0;"@Sunderscore20 Very nice--thank you!";;@Sunderscore20;;"301770882643271680";https://twitter.com/realDonaldTrump/status/301770882643271680
;2013/02/13;3;3;"@jma187 @billmaher Interesting!";;@jma187 @billmaher;;"301770637192617984";https://twitter.com/realDonaldTrump/status/301770637192617984
;2013/02/13;0;0;"@KenToidi8 @billmaher Yes, but we must act soon.";;@KenToidi8 @billmaher;;"301770466660585473";https://twitter.com/realDonaldTrump/status/301770466660585473
;2013/02/13;7;4;"@droppinloads29 @billmaher @Rosie But Rosie is smarter than @billmaher";;@droppinloads29 @billmaher @Rosie @billmaher;;"301770221520302082";https://twitter.com/realDonaldTrump/status/301770221520302082
;2013/02/13;120;58;".@SenRandPaul’s Tea Party rebuttal to Obama’s SOTU explained why limited government promotes freedom. Well done!";;@SenRandPaul;;"301768059281080322";https://twitter.com/realDonaldTrump/status/301768059281080322
;2013/02/13;38;22;"Looking forward to being interviewed on the @marklevinshow tonight at 6:30 PM EST. Be sure to listen!";;@marklevinshow;;"301767755600900097";https://twitter.com/realDonaldTrump/status/301767755600900097
;2013/02/13;274;289;"Next time Marco Rubio should drink his water from a glass as opposed to a bottle—would have much less negative impact.";;;;"301767471562629120";https://twitter.com/realDonaldTrump/status/301767471562629120
;2013/02/13;295;243;"Marco Rubio is being crucified by the media for drinking water during speech!";;;;"301767291928981504";https://twitter.com/realDonaldTrump/status/301767291928981504
;2013/02/13;467;184;"Gain and use information to your advantage--see every day as an opportunity to learn.";;;;"301747605220769792";https://twitter.com/realDonaldTrump/status/301747605220769792
;2013/02/13;0;1;"@NMcCay Yes.";;@NMcCay;;"301743826828152834";https://twitter.com/realDonaldTrump/status/301743826828152834
;2013/02/13;2;4;"@ZKoppe Work hard!";;@ZKoppe;;"301743367723835392";https://twitter.com/realDonaldTrump/status/301743367723835392
;2013/02/13;338;129;"Pay attention to global news and developments--in today's world that is a requirement, not an elective.";;;;"301741495587856385";https://twitter.com/realDonaldTrump/status/301741495587856385
;2013/02/13;1;1;"@nydave77 Good luck!";;@nydave77;;"301740340421992448";https://twitter.com/realDonaldTrump/status/301740340421992448
;2013/02/13;1;0;"@ixfor Okay, great!";;@ixfor;;"301736584565387264";https://twitter.com/realDonaldTrump/status/301736584565387264
;2013/02/13;2;3;"@amelionaire69 Thanks Amelia!";;@amelionaire69;;"301736351995424768";https://twitter.com/realDonaldTrump/status/301736351995424768
;2013/02/13;9;20;"@jesslivin Hi Jessica and thanks.";;@jesslivin;;"301735541978832897";https://twitter.com/realDonaldTrump/status/301735541978832897
;2013/02/13;0;1;"@KariDAway2388 Thanks Kari.";;@KariDAway2388;;"301735018227703808";https://twitter.com/realDonaldTrump/status/301735018227703808
;2013/02/13;1;6;"@JarredPolseno Thanks Jarred.";;@JarredPolseno;;"301734655630123008";https://twitter.com/realDonaldTrump/status/301734655630123008
;2013/02/13;0;1;"@DalHines Thanks--they are good kids!";;@DalHines;;"301734358568542208";https://twitter.com/realDonaldTrump/status/301734358568542208
;2013/02/13;1117;358;"“The harder you work, the luckier you get.” - Gary Player";;;;"301733981290917888";https://twitter.com/realDonaldTrump/status/301733981290917888
;2013/02/13;7;5;"@AmitchellMo Recognize the opportunity, focus on it, and don't give up. Luck is often earned.";;@AmitchellMo;;"301731184919068673";https://twitter.com/realDonaldTrump/status/301731184919068673
;2013/02/13;2;1;"@TRACECOWGIRL @TraceAdkins @CelebApprentice . @TraceAdkins is a fantastic guy!";;@TRACECOWGIRL @TraceAdkins @CelebApprentice @TraceAdkins;;"301725800355475456";https://twitter.com/realDonaldTrump/status/301725800355475456
;2013/02/13;2;0;"@rubletz True--isn't it sad!";;@rubletz;;"301725290105802753";https://twitter.com/realDonaldTrump/status/301725290105802753
;2013/02/13;0;0;"@eddiecash23 Great and best of luck!";;@eddiecash23;;"301725066683625473";https://twitter.com/realDonaldTrump/status/301725066683625473
;2013/02/13;2;1;"@RVPAndrewZ Looking forward to it--thanks.";;@RVPAndrewZ;;"301721682392006657";https://twitter.com/realDonaldTrump/status/301721682392006657
;2013/02/13;1;0;"@parrguy Thanks Tom.";;@parrguy;;"301721265612419073";https://twitter.com/realDonaldTrump/status/301721265612419073
;2013/02/13;290;263;"When will people realize that @billmaher is not an intellectual, but actually a rather dumb guy—just look at his past.";;@billmaher;;"301711868681138177";https://twitter.com/realDonaldTrump/status/301711868681138177
;2013/02/13;0;0;"@ellis38671w Thanks--work hard & good luck.";;@ellis38671w;;"301708066334859264";https://twitter.com/realDonaldTrump/status/301708066334859264
;2013/02/13;2;0;"@harrell_kelly Thanks Kelly.";;@harrell_kelly;;"301707411297824768";https://twitter.com/realDonaldTrump/status/301707411297824768
;2013/02/13;0;0;"@EAWIII Thanks and good luck.";;@EAWIII;;"301707008879513606";https://twitter.com/realDonaldTrump/status/301707008879513606
;2013/02/13;1;0;"@madisonjar Yes.";;@madisonjar;;"301706179762069504";https://twitter.com/realDonaldTrump/status/301706179762069504
;2013/02/13;1;3;"@JUrciuoli19 Not a bad idea--thanks!";;@JUrciuoli19;;"301706069120536576";https://twitter.com/realDonaldTrump/status/301706069120536576
;2013/02/13;9;20;"@Justinjacosalem Thanks--but they should get a life.";;@Justinjacosalem;;"301705882184593408";https://twitter.com/realDonaldTrump/status/301705882184593408
;2013/02/13;2;7;"@Belloved21 Very nice, thanks Rachel.";;@Belloved21;;"301705477442637824";https://twitter.com/realDonaldTrump/status/301705477442637824
;2013/02/13;3;2;"@assyrianvoice Thanks.";;@assyrianvoice;;"301705254918053889";https://twitter.com/realDonaldTrump/status/301705254918053889
;2013/02/13;1;0;"@bfree007 Definitely worth it.";;@bfree007;;"301699163823955968";https://twitter.com/realDonaldTrump/status/301699163823955968
;2013/02/13;546;202;"Every business has surprises, hidden dangers beneath the surface, and little known opportunities that can lead to huge success.";;;;"301688361079414784";https://twitter.com/realDonaldTrump/status/301688361079414784
;2013/02/12;6;2;"@parisitony Just a small percentage.";;@parisitony;;"301453038835605504";https://twitter.com/realDonaldTrump/status/301453038835605504
;2013/02/12;0;1;"@kevinrleyland Interesting!";;@kevinrleyland;;"301452741253926912";https://twitter.com/realDonaldTrump/status/301452741253926912
;2013/02/12;4;7;"@UTCRAGER Thanks.";;@UTCRAGER;;"301452434927132673";https://twitter.com/realDonaldTrump/status/301452434927132673
;2013/02/12;4;2;"@OpskopPromosies Hello.";;@OpskopPromosies;;"301451918226644994";https://twitter.com/realDonaldTrump/status/301451918226644994
;2013/02/12;1;0;"@toyeenb @piersmorgan @ApprenticeNBC True!";;@toyeenb @piersmorgan @ApprenticeNBC;;"301451585001762816";https://twitter.com/realDonaldTrump/status/301451585001762816
;2013/02/12;2;2;"@mayorgas Thanks!";;@mayorgas;;"301450818203312128";https://twitter.com/realDonaldTrump/status/301450818203312128
;2013/02/12;1569;673;"“Successful people don't have fewer problems.They have determined that nothing will stop them from going forward.” Dr. Benjamin Carson";;;;"301449112614760449";https://twitter.com/realDonaldTrump/status/301449112614760449
;2013/02/12;112;47;"NY should frack now. What’s the hold up? Is Albany opposed to creating jobs and making gas cheaper for middle class?";;;;"301447097725644800";https://twitter.com/realDonaldTrump/status/301447097725644800
;2013/02/12;3;12;"@kateywhitey I am right--current tense.";;@kateywhitey;;"301446400380641280";https://twitter.com/realDonaldTrump/status/301446400380641280
;2013/02/12;553;353;"@scottjfata I like Joe Paterno and his family.";;@scottjfata;;"301445538547630080";https://twitter.com/realDonaldTrump/status/301445538547630080
;2013/02/12;0;0;"@BCDorris @piersmorgan @ApprenticeNBC Well, Trace will now have a second chance.";;@BCDorris @piersmorgan @ApprenticeNBC;;"301445083746676736";https://twitter.com/realDonaldTrump/status/301445083746676736
;2013/02/12;1111;639;"I went to Wharton, made over $8 billion, employ thousands of people & get insulted by morons who can’t get enough of me on twitter...!";;;;"301444292755476480";https://twitter.com/realDonaldTrump/status/301444292755476480
;2013/02/12;1;0;"@pathselo Good luck!";;@pathselo;;"301443820334247936";https://twitter.com/realDonaldTrump/status/301443820334247936
;2013/02/12;1;0;"@Traceybabe8 Work hard and keep at it!";;@Traceybabe8;;"301443413587394560";https://twitter.com/realDonaldTrump/status/301443413587394560
;2013/02/12;2;2;"@carsenadeline Yes, absolutely. There are always opportunities and therefore hope. Good luck Carsen!";;@carsenadeline;;"301443021227032576";https://twitter.com/realDonaldTrump/status/301443021227032576
;2013/02/12;2;1;"@DougTammy14 Thanks Doug, Skylar and Tammy.";;@DougTammy14;;"301442372846383104";https://twitter.com/realDonaldTrump/status/301442372846383104
;2013/02/12;159;85;"Check @billmaher’s background & you will find he is not a smart guy—he just wants people to think he is--just call him dummy.";;@billmaher;;"301440066025295872";https://twitter.com/realDonaldTrump/status/301440066025295872
;2013/02/12;61;44;"I don’t know what will happen with the lawsuit against dummy @billmaher but have an obligation to charity to bring it.";;@billmaher;;"301439852497498112";https://twitter.com/realDonaldTrump/status/301439852497498112
;2013/02/12;156;79;"Surprised @Eagles signed Michael Vick yesterday to be their 2013 QB. Vick is talented but brittle & probably won't last long.";;@Eagles;;"301439144880652288";https://twitter.com/realDonaldTrump/status/301439144880652288
;2013/02/12;129;98;"The President’s speech tonight will largely focus on class warfare. The Republicans don’t know how to handle that—I do.";;;;"301435393201553409";https://twitter.com/realDonaldTrump/status/301435393201553409
;2013/02/12;3;2;"@wmtoddc Keep your vision intact -- be positively persistent.";;@wmtoddc;;"301433242953867264";https://twitter.com/realDonaldTrump/status/301433242953867264
;2013/02/12;167;111;"Will the Keystone XL pipeline finally be approved? Will create over 100,000 jobs and make us more energy independent.";;;;"301432673946202112";https://twitter.com/realDonaldTrump/status/301432673946202112
;2013/02/12;21;10;"Another must read from Jeffrey Lord @amspec: “Rove Email Leaks: Ideological War Opens in GOP” http://bit.ly/YTZQIO ";;@amspec;;"301430568569155584";https://twitter.com/realDonaldTrump/status/301430568569155584
;2013/02/12;70;19;"Great news - @TPPatriots are starting their own Super PAC to fight @KarlRove http://bit.ly/YU0O7G  (via @thehill) Go get em!";;@TPPatriots @KarlRove @thehill;;"301429254523060225";https://twitter.com/realDonaldTrump/status/301429254523060225
;2013/02/12;2;3;"@Millionayer Hi and thanks.";;@Millionayer;;"301427567754354688";https://twitter.com/realDonaldTrump/status/301427567754354688
;2013/02/12;706;408;"To all young college graduates – stick in there, keep your head up and make sure you don’t miss any opportunities. They are out there.";;;;"301425919917174784";https://twitter.com/realDonaldTrump/status/301425919917174784
;2013/02/12;1104;511;"Have confidence, work hard, and keep your focus on the small things that matter while keeping the big picture in mind.";;;;"301425610163646464";https://twitter.com/realDonaldTrump/status/301425610163646464
;2013/02/12;740;422;"Always pretend that you’re working for yourself. You’ll do a wonderful job. It’s simple, but it works.";;;;"301424121068273664";https://twitter.com/realDonaldTrump/status/301424121068273664
;2013/02/12;19;15;"Magician extraordinaire @pennjillette is back in the All-Star @ApprenticeNBC. This time he has even more tricks up his sleeve.";;@pennjillette @ApprenticeNBC;;"301422296244027392";https://twitter.com/realDonaldTrump/status/301422296244027392
;2013/02/12;957;223;"SEAL who shot Bin Laden is unemployed & can’t feed his family http://bit.ly/Xxg3kg  Everyone can get welfare but this SEAL can’t eat!";;;;"301415246868934657";https://twitter.com/realDonaldTrump/status/301415246868934657
;2013/02/12;57;20;"How can any Senator vote for Hagel as Sec. of Defense after that horrific hearing? He is not up for the job but will probably get it.";;;;"301412136134012929";https://twitter.com/realDonaldTrump/status/301412136134012929
;2013/02/12;47;36;"The new course at Trump International Scotland will be a par-72 layout, with five sets of tees ranging from 7,540 yards to 5,630.";;;;"301411075860074496";https://twitter.com/realDonaldTrump/status/301411075860074496
;2013/02/12;41;25;"My Doral Country Club purchase was made just before Miami real estate market went through the roof—good timing!";;;;"301408633172926465";https://twitter.com/realDonaldTrump/status/301408633172926465
;2013/02/12;58;29;"Sorry, but @piersmorgan is a good & smart man who is doing really well. That’s why he won @ApprenticeNBC.";;@piersmorgan @ApprenticeNBC;;"301400833763966977";https://twitter.com/realDonaldTrump/status/301400833763966977
;2013/02/12;1075;877;"It’s okay but why do the haters (& losers) want to follow me on twitter?? Get a life!";;;;"301400255822434304";https://twitter.com/realDonaldTrump/status/301400255822434304
;2013/02/12;38;14;"“Trump to build second Scottish course” http://bit.ly/Y5OhLJ  via @UPI";;@UPI;;"301383226998525952";https://twitter.com/realDonaldTrump/status/301383226998525952
;2013/02/12;10;18;". @MelaniaTrump looks amazing in 2000 @SInow! http://on.fb.me/12sYqVN ";;@MelaniaTrump @SInow;;"301381410650996738";https://twitter.com/realDonaldTrump/status/301381410650996738
